City_ID,City,Country,Date,Lat,Lng,Max Temp,Humidity,Cloudiness,Wind Speed,Weather
0,Hobart,AU,2021-04-19 20:46:29,-42.8794,147.3294,52.0,76,75,8.05,[{'description': 'broken clouds'}]
1,Ushuaia,AR,2021-04-19 20:41:40,-54.8,-68.3,44.6,87,75,5.75,[{'description': 'moderate rain'}]
2,Karasburg,NA,2021-04-19 20:47:56,-28.0167,18.75,72.23,24,6,11.5,[{'description': 'clear sky'}]
3,Cape Town,ZA,2021-04-19 20:46:12,-33.9258,18.4232,63.0,72,0,5.75,[{'description': 'clear sky'}]
4,Barrow,US,2021-04-19 20:41:19,71.2906,-156.7887,24.8,80,90,20.71,[{'description': 'overcast clouds'}]
5,Huarmey,PE,2021-04-19 20:47:56,-10.0681,-78.1522,73.4,72,99,11.07,[{'description': 'overcast clouds'}]
6,Qaanaaq,GL,2021-04-19 20:46:14,77.484,-69.3632,6.69,80,100,6.15,[{'description': 'overcast clouds'}]
7,Rocha,UY,2021-04-19 20:47:57,-34.4833,-54.3333,63.05,83,0,7.85,[{'description': 'clear sky'}]
8,Port Alfred,ZA,2021-04-19 20:46:31,-33.5906,26.891,64.33,74,100,11.61,[{'description': 'overcast clouds'}]
9,Hinton,CA,2021-04-19 20:47:57,53.4001,-117.5857,46.4,27,5,4.61,[{'description': 'clear sky'}]
10,Rikitea,PF,2021-04-19 20:46:11,-23.1203,-134.9692,77.99,72,0,10.31,[{'description': 'clear sky'}]
11,Tuktoyaktuk,CA,2021-04-19 20:46:17,69.4541,-133.0374,24.8,86,75,4.61,[{'description': 'broken clouds'}]
12,Bredasdorp,ZA,2021-04-19 20:46:29,-34.5322,20.0403,59.0,77,96,16.11,[{'description': 'overcast clouds'}]
13,Norman Wells,CA,2021-04-19 20:47:06,65.282,-126.8329,48.2,40,1,4.61,[{'description': 'clear sky'}]
14,Paamiut,GL,2021-04-19 20:47:58,61.994,-49.6678,32.32,87,100,10.27,[{'description': 'overcast clouds'}]
15,Samfya,ZM,2021-04-19 20:47:58,-11.3649,29.5565,65.97,76,100,8.88,[{'description': 'overcast clouds'}]
16,Albany,US,2021-04-19 20:46:12,42.6001,-73.9662,59.0,45,100,4.21,[{'description': 'overcast clouds'}]
17,Mehamn,NO,2021-04-19 20:46:56,71.0357,27.8492,37.4,70,0,5.75,[{'description': 'clear sky'}]
18,Yumen,CN,2021-04-19 20:47:58,40.2833,97.2,51.71,32,100,5.28,[{'description': 'overcast clouds'}]
19,Dzaoudzi,YT,2021-04-19 20:47:59,-12.7887,45.2699,80.6,83,0,3.44,[{'description': 'moderate rain'}]
20,Luangwa,ZM,2021-04-19 20:47:59,-15.6167,30.4167,64.4,81,17,0.72,[{'description': 'few clouds'}]
21,Marabba,SD,2021-04-19 20:47:59,12.35,32.1833,93.07,10,97,6.78,[{'description': 'overcast clouds'}]
22,Tautira,PF,2021-04-19 20:41:40,-17.7333,-149.15,86.0,66,20,3.44,[{'description': 'few clouds'}]
23,Punta Arenas,CL,2021-04-19 20:44:24,-53.15,-70.9167,53.6,54,20,17.27,[{'description': 'few clouds'}]
24,Bara,NG,2021-04-19 20:48:00,10.3744,10.7288,88.16,23,81,5.5,[{'description': 'broken clouds'}]
25,Kahului,US,2021-04-19 20:43:56,20.8947,-156.47,80.6,69,20,5.75,[{'description': 'few clouds'}]
26,Goundam,ML,2021-04-19 20:48:00,16.4145,-3.6708,89.82,10,20,10.8,[{'description': 'few clouds'}]
27,Atuona,PF,2021-04-19 20:46:51,-9.8,-139.0333,79.72,79,21,18.95,[{'description': 'light rain'}]
28,Asau,RO,2021-04-19 20:47:51,46.4333,26.4,45.0,63,100,3.0,[{'description': 'overcast clouds'}]
29,Saldanha,ZA,2021-04-19 20:46:10,-33.0117,17.9442,68.0,56,9,6.91,[{'description': 'clear sky'}]
30,Bluff,NZ,2021-04-19 20:42:45,-46.6,168.3333,54.0,75,0,3.0,[{'description': 'clear sky'}]
31,Iskateley,RU,2021-04-19 20:48:01,67.6803,53.1512,27.55,91,99,12.06,[{'description': 'overcast clouds'}]
32,Mount Isa,AU,2021-04-19 20:46:41,-20.7333,139.5,69.8,32,40,8.05,[{'description': 'scattered clouds'}]
33,Cajamarca,PE,2021-04-19 20:44:02,-7.1638,-78.5003,60.53,79,92,3.96,[{'description': 'light rain'}]
34,Nikolskoye,RU,2021-04-19 20:42:46,59.7035,30.7861,41.0,52,0,4.47,[{'description': 'clear sky'}]
35,Ahipara,NZ,2021-04-19 20:42:47,-35.1667,173.1667,63.54,93,100,19.39,[{'description': 'light rain'}]
36,Sirsi,IN,2021-04-19 20:48:02,14.6167,74.85,72.64,93,67,4.61,[{'description': 'broken clouds'}]
37,Hermanus,ZA,2021-04-19 20:43:08,-34.4187,19.2345,61.0,81,88,11.01,[{'description': 'overcast clouds'}]
38,Bengkulu,ID,2021-04-19 20:48:02,-3.8004,102.2655,75.4,88,55,3.47,[{'description': 'broken clouds'}]
39,Lagoa,PT,2021-04-19 20:47:22,39.05,-27.9833,62.19,84,95,6.71,[{'description': 'overcast clouds'}]
40,Tougue,GN,2021-04-19 20:48:03,11.4667,-11.6,83.12,38,92,4.34,[{'description': 'overcast clouds'}]
41,Touros,BR,2021-04-19 20:46:48,-5.1989,-35.4608,82.4,74,0,9.22,[{'description': 'clear sky'}]
42,Grindavik,IS,2021-04-19 20:48:03,63.8424,-22.4338,32.0,86,75,11.5,[{'description': 'broken clouds'}]
43,Alyangula,AU,2021-04-19 20:48:03,-13.8483,136.4192,75.2,100,40,5.5,[{'description': 'scattered clouds'}]
44,Provideniya,RU,2021-04-19 20:46:25,64.3833,-173.3,30.2,59,20,11.18,[{'description': 'few clouds'}]
45,Busselton,AU,2021-04-19 20:41:41,-33.65,115.3333,53.01,98,77,7.78,[{'description': 'broken clouds'}]
46,Luderitz,NA,2021-04-19 20:46:33,-26.6481,15.1594,70.14,62,68,10.69,[{'description': 'broken clouds'}]
47,Ponta Do Sol,PT,2021-04-19 20:47:47,32.6667,-17.1,62.01,69,28,1.01,[{'description': 'scattered clouds'}]
48,Vanimo,PG,2021-04-19 20:48:04,-2.6741,141.3028,75.45,83,94,3.89,[{'description': 'overcast clouds'}]
49,Kiama,AU,2021-04-19 20:48:04,-34.6833,150.8667,53.01,80,0,1.01,[{'description': 'clear sky'}]
50,Russell,US,2021-04-19 20:48:05,32.3502,-85.1999,73.4,33,1,6.67,[{'description': 'clear sky'}]
51,Saskylakh,RU,2021-04-19 20:46:18,71.9167,114.0833,-15.93,100,86,3.69,[{'description': 'overcast clouds'}]
52,Adelaide,AU,2021-04-19 20:45:02,-34.9333,138.6,54.0,82,75,9.22,[{'description': 'broken clouds'}]
53,Waingapu,ID,2021-04-19 20:47:13,-9.6567,120.2641,72.7,77,21,5.17,[{'description': 'few clouds'}]
54,Kapaa,US,2021-04-19 20:46:33,22.0752,-159.319,79.0,69,1,4.61,[{'description': 'clear sky'}]
55,Timberlake,US,2021-04-19 20:48:05,37.3207,-79.2575,69.01,48,1,4.61,[{'description': 'clear sky'}]
56,Nanortalik,GL,2021-04-19 20:46:10,60.1432,-45.2371,33.13,75,100,8.97,[{'description': 'overcast clouds'}]
57,Arraial Do Cabo,BR,2021-04-19 20:48:06,-22.9661,-42.0278,77.0,78,0,19.57,[{'description': 'clear sky'}]
58,New Norfolk,AU,2021-04-19 20:46:23,-42.7826,147.0587,52.0,75,100,1.7,[{'description': 'overcast clouds'}]
59,Honningsvag,NO,2021-04-19 20:48:06,70.9821,25.9704,41.0,81,0,2.3,[{'description': 'clear sky'}]
60,Calama,CL,2021-04-19 20:48:06,-22.4667,-68.9333,71.6,11,0,19.57,[{'description': 'clear sky'}]
61,Tiksi,RU,2021-04-19 20:46:36,71.6872,128.8694,-6.41,99,86,3.04,[{'description': 'overcast clouds'}]
62,Chitradurga,IN,2021-04-19 20:46:19,14.2333,76.4,76.05,74,61,13.31,[{'description': 'broken clouds'}]
63,Khatanga,RU,2021-04-19 20:41:42,71.9667,102.5,-20.24,100,32,2.95,[{'description': 'scattered clouds'}]
64,Port-Cartier,CA,2021-04-19 20:48:07,50.0334,-66.8654,48.99,49,75,5.75,[{'description': 'broken clouds'}]
65,Jamestown,US,2021-04-19 20:45:20,42.097,-79.2353,61.0,38,75,8.05,[{'description': 'broken clouds'}]
66,Inta,RU,2021-04-19 20:48:07,66.0317,60.1659,31.17,94,100,19.95,[{'description': 'light snow'}]
67,Kaitangata,NZ,2021-04-19 20:47:24,-46.2817,169.8464,50.0,73,1,1.99,[{'description': 'clear sky'}]
68,Kuldiga,LV,2021-04-19 20:46:59,56.974,21.9572,48.2,53,0,6.91,[{'description': 'clear sky'}]
69,Victoria,HK,2021-04-19 20:46:58,22.2855,114.1577,72.0,78,97,1.01,[{'description': 'overcast clouds'}]
70,Dagumba-An,PH,2021-04-19 20:48:08,8.1531,124.5908,73.0,88,100,3.0,[{'description': 'overcast clouds'}]
71,Bol,TD,2021-04-19 20:48:08,13.4586,14.7147,83.64,39,100,9.93,[{'description': 'overcast clouds'}]
72,Losone,CH,2021-04-19 20:48:09,46.1687,8.7593,51.8,46,72,2.3,[{'description': 'broken clouds'}]
73,Kut Chap,TH,2021-04-19 20:48:09,17.4257,102.5669,79.0,89,92,0.92,[{'description': 'overcast clouds'}]
74,Marion,US,2021-04-19 20:44:43,39.7684,-86.1555,66.0,32,40,18.41,[{'description': 'scattered clouds'}]
75,Bathsheba,BB,2021-04-19 20:48:09,13.2167,-59.5167,82.4,54,20,21.85,[{'description': 'few clouds'}]
76,Vaini,TO,2021-04-19 20:46:12,-21.2,-175.2,73.4,100,75,5.75,[{'description': 'light rain'}]
77,Kodiak,US,2021-04-19 20:47:42,57.79,-152.4072,42.8,87,90,19.57,"[{'description': 'light rain'}, {'id': 701, 'main': 'Mist', 'description': 'mist', 'icon': '50d'}]"
78,Mataura,NZ,2021-04-19 20:41:41,-46.1927,168.8643,54.0,75,0,3.0,[{'description': 'clear sky'}]
79,Tuatapere,NZ,2021-04-19 20:46:28,-46.1333,167.6833,54.0,75,4,3.0,[{'description': 'clear sky'}]
80,Itarema,BR,2021-04-19 20:48:10,-2.9248,-39.9167,77.25,85,89,5.57,[{'description': 'overcast clouds'}]
81,Pevek,RU,2021-04-19 20:47:18,69.7008,170.3133,16.21,83,23,8.05,[{'description': 'few clouds'}]
82,San Bartolome,ES,2021-04-19 20:48:11,27.9248,-15.5733,68.0,68,20,23.02,[{'description': 'few clouds'}]
83,Dabat,ET,2021-04-19 20:48:11,12.9842,37.765,61.9,38,92,5.14,[{'description': 'overcast clouds'}]
84,Manado,ID,2021-04-19 20:47:10,1.487,124.8455,75.2,100,20,2.64,[{'description': 'light rain'}]
85,Sioux Lookout,CA,2021-04-19 20:48:12,50.1001,-91.917,33.8,37,75,17.27,[{'description': 'broken clouds'}]
86,Pallapatti,IN,2021-04-19 20:48:12,11.6593,78.1342,80.8,64,81,3.49,[{'description': 'heavy intensity rain'}]
87,Trelew,AR,2021-04-19 20:48:13,-43.249,-65.3051,85.24,20,11,16.31,[{'description': 'few clouds'}]
88,Fort Nelson,CA,2021-04-19 20:48:13,58.8053,-122.7002,53.6,26,1,9.22,[{'description': 'clear sky'}]
89,Boyuibe,BO,2021-04-19 20:48:13,-20.4167,-63.2833,75.2,78,40,4.52,[{'description': 'scattered clouds'}]
90,Sirnak,TR,2021-04-19 20:48:13,37.5228,42.4594,63.63,35,100,5.55,[{'description': 'overcast clouds'}]
91,Nhulunbuy,AU,2021-04-19 20:48:14,-12.2333,136.7667,78.8,89,75,6.91,[{'description': 'light rain'}]
92,Suoyarvi,RU,2021-04-19 20:48:14,62.0833,32.35,35.29,78,95,4.65,[{'description': 'overcast clouds'}]
93,Grand Gaube,MU,2021-04-19 20:48:14,-20.0064,57.6608,75.99,87,23,1.99,[{'description': 'light rain'}]
94,Chuy,UY,2021-04-19 20:44:49,-33.6971,-53.4616,66.11,72,0,8.95,[{'description': 'clear sky'}]
95,Senno,RU,2021-04-19 20:48:15,59.5336,33.9167,37.33,65,81,5.79,[{'description': 'broken clouds'}]
96,Pokhara,NP,2021-04-19 20:47:37,28.2333,83.9833,68.74,23,0,8.23,[{'description': 'clear sky'}]
97,Belyy Yar,RU,2021-04-19 20:48:15,53.6039,91.3903,23.0,54,40,6.71,[{'description': 'scattered clouds'}]
98,Port Hardy,CA,2021-04-19 20:45:02,50.6996,-127.4199,57.2,62,40,5.75,[{'description': 'scattered clouds'}]
99,Paka,MY,2021-04-19 20:48:16,4.6374,103.4368,77.0,88,96,6.91,[{'description': 'overcast clouds'}]
100,Cidreira,BR,2021-04-19 20:48:16,-30.1811,-50.2056,69.69,74,61,11.81,[{'description': 'broken clouds'}]
101,Avarua,CK,2021-04-19 20:46:20,-21.2078,-159.775,80.6,74,20,10.36,[{'description': 'few clouds'}]
102,Katsuura,JP,2021-04-19 20:46:37,35.1333,140.3,55.4,50,20,3.44,[{'description': 'few clouds'}]
103,Elko,US,2021-04-19 20:45:02,41.0002,-115.5012,64.4,17,20,21.85,[{'description': 'few clouds'}]
104,Souillac,MU,2021-04-19 20:48:16,-20.5167,57.5167,77.0,94,75,9.64,[{'description': 'broken clouds'}]
105,Fukuma,JP,2021-04-19 20:48:17,33.7667,130.4667,50.0,71,0,8.05,[{'description': 'clear sky'}]
106,Port Blair,IN,2021-04-19 20:47:26,11.6667,92.75,80.98,74,100,3.4,[{'description': 'overcast clouds'}]
107,Okhotsk,RU,2021-04-19 20:48:17,59.3833,143.3,32.65,98,100,27.65,[{'description': 'snow'}]
108,Manavalakurichi,IN,2021-04-19 20:48:17,8.1333,77.3,82.4,89,40,4.61,"[{'description': 'light rain'}, {'id': 701, 'main': 'Mist', 'description': 'mist', 'icon': '50n'}]"
109,Karpathos,GR,2021-04-19 20:48:18,35.507,27.2132,60.8,67,34,19.57,[{'description': 'scattered clouds'}]
110,Casa Nova,BR,2021-04-19 20:48:18,-9.4167,-41.1333,82.4,61,75,4.61,[{'description': 'broken clouds'}]
111,La Primavera,CO,2021-04-19 20:48:18,5.4906,-70.4092,91.18,41,91,6.67,[{'description': 'overcast clouds'}]
112,Padang,ID,2021-04-19 20:48:19,-0.9492,100.3543,76.44,87,38,3.89,[{'description': 'scattered clouds'}]
113,Linqiong,CN,2021-04-19 20:48:19,30.4159,103.4609,59.0,94,75,2.8,[{'description': 'broken clouds'}]
114,Beringovskiy,RU,2021-04-19 20:48:19,63.05,179.3167,23.95,89,40,8.88,[{'description': 'scattered clouds'}]
115,Puerto Ayora,EC,2021-04-19 20:48:20,-0.7393,-90.3518,80.6,74,20,18.41,[{'description': 'light rain'}]
116,Siguiri,GN,2021-04-19 20:48:20,11.6667,-9.5,92.44,14,41,1.88,[{'description': 'scattered clouds'}]
117,Mount Pleasant,US,2021-04-19 20:43:40,32.7941,-79.8626,79.0,25,1,14.97,[{'description': 'clear sky'}]
118,San Patricio,US,2021-04-19 20:47:18,28.017,-97.5169,71.6,49,90,6.91,[{'description': 'overcast clouds'}]
119,Mahajanga,MG,2021-04-19 20:48:20,-15.7167,46.3167,78.8,73,40,6.91,[{'description': 'scattered clouds'}]
120,Alto Araguaia,BR,2021-04-19 20:48:21,-17.3147,-53.2153,73.94,66,77,2.93,[{'description': 'broken clouds'}]
121,Acapulco,MX,2021-04-19 20:45:38,16.8634,-99.8901,86.0,58,1,5.75,[{'description': 'clear sky'}]
122,Aix-Les-Bains,FR,2021-04-19 20:48:21,45.6834,5.9224,50.0,46,0,8.05,[{'description': 'clear sky'}]
123,Cabo San Lucas,MX,2021-04-19 20:40:42,22.8909,-109.9124,84.2,47,1,4.61,[{'description': 'clear sky'}]
124,Hofn,IS,2021-04-19 20:46:52,64.2539,-15.2082,39.79,58,11,6.29,[{'description': 'few clouds'}]
125,Berlevag,NO,2021-04-19 20:48:22,70.8578,29.0864,41.0,60,0,6.91,[{'description': 'clear sky'}]
126,Yellowknife,CA,2021-04-19 20:44:55,62.456,-114.3525,33.8,64,40,5.75,[{'description': 'scattered clouds'}]
127,Talnakh,RU,2021-04-19 20:46:59,69.4865,88.3972,-13.13,96,59,3.15,[{'description': 'broken clouds'}]
128,La Ronge,CA,2021-04-19 20:48:23,55.1001,-105.2842,35.6,41,100,16.11,[{'description': 'overcast clouds'}]
129,Houma,US,2021-04-19 20:48:23,29.5958,-90.7195,72.0,37,1,6.91,[{'description': 'clear sky'}]
130,Mangrol,IN,2021-04-19 20:48:23,21.1167,70.1167,79.52,82,93,11.18,[{'description': 'overcast clouds'}]
131,Urumqi,CN,2021-04-19 20:48:24,43.801,87.6005,55.4,54,0,4.47,[{'description': 'clear sky'}]
132,Hualmay,PE,2021-04-19 20:48:24,-11.0964,-77.6139,72.46,73,74,10.85,[{'description': 'broken clouds'}]
133,Lasa,IT,2021-04-19 20:48:24,46.6166,10.7002,55.4,56,20,5.75,[{'description': 'few clouds'}]
134,Carnarvon,AU,2021-04-19 20:46:19,-24.8667,113.6333,73.02,55,0,22.1,[{'description': 'clear sky'}]
135,Buin,CL,2021-04-19 20:48:25,-33.7333,-70.75,71.6,46,0,8.05,[{'description': 'clear sky'}]
136,Hilo,US,2021-04-19 20:42:26,19.7297,-155.09,80.6,61,90,8.05,[{'description': 'overcast clouds'}]
137,Umea,SE,2021-04-19 20:48:25,63.8284,20.2597,36.0,86,0,2.19,[{'description': 'clear sky'}]
138,Dingle,PH,2021-04-19 20:48:25,10.9995,122.6711,76.42,85,100,5.3,[{'description': 'moderate rain'}]
139,Ribeira Grande,PT,2021-04-19 20:46:47,38.5167,-28.7,62.6,94,40,13.8,[{'description': 'scattered clouds'}]
140,Ilulissat,GL,2021-04-19 20:47:29,69.2167,-51.1,19.4,42,75,5.75,[{'description': 'broken clouds'}]
141,Mar Del Plata,AR,2021-04-19 20:46:38,-38.0023,-57.5575,75.2,50,0,12.66,[{'description': 'clear sky'}]
142,Sao Felix Do Xingu,BR,2021-04-19 20:48:26,-6.6447,-51.995,75.52,95,68,0.87,[{'description': 'broken clouds'}]
143,Dickinson,US,2021-04-19 20:48:26,29.4608,-95.0513,73.99,37,1,4.61,[{'description': 'clear sky'}]
144,Bocas Del Toro,PA,2021-04-19 20:48:26,9.3333,-82.25,69.01,73,92,5.01,[{'description': 'overcast clouds'}]
145,Iqaluit,CA,2021-04-19 20:46:27,63.7506,-68.5145,23.0,74,75,4.61,[{'description': 'light snow'}]
146,Vila Do Maio,CV,2021-04-19 20:47:41,15.1333,-23.2167,71.6,73,40,18.41,[{'description': 'scattered clouds'}]
147,Corrente,BR,2021-04-19 20:48:27,-3.7367,-43.3394,71.13,99,100,1.88,[{'description': 'moderate rain'}]
148,Koulikoro,ML,2021-04-19 20:48:27,14.0,-7.75,89.47,13,2,8.43,[{'description': 'clear sky'}]
149,Narsaq,GL,2021-04-19 20:47:17,60.9167,-46.05,42.8,36,75,6.91,[{'description': 'broken clouds'}]
150,Castro,BR,2021-04-19 20:46:34,-24.7911,-50.0119,59.4,87,25,4.79,[{'description': 'scattered clouds'}]
151,Saint George,US,2021-04-19 20:46:08,37.1041,-113.5841,80.01,9,1,12.66,[{'description': 'clear sky'}]
152,Tasiilaq,GL,2021-04-19 20:42:46,65.6145,-37.6368,26.6,68,3,9.22,[{'description': 'clear sky'}]
153,Omboue,GA,2021-04-19 20:48:28,-1.5746,9.2618,78.66,87,100,5.86,[{'description': 'light rain'}]
154,Leningradskiy,RU,2021-04-19 20:46:50,69.3833,178.4167,18.7,79,3,2.44,[{'description': 'clear sky'}]
155,Dikson,RU,2021-04-19 20:46:24,73.5069,80.5464,-5.4,97,12,7.49,[{'description': 'few clouds'}]
156,Butaritari,KI,2021-04-19 20:46:21,3.0707,172.7902,83.23,76,94,14.0,[{'description': 'overcast clouds'}]
157,San Juan,AR,2021-04-19 20:48:29,-31.5375,-68.5364,86.77,31,1,8.86,[{'description': 'clear sky'}]
158,Luwingu,ZM,2021-04-19 20:48:29,-10.2621,29.9271,61.63,90,100,3.78,[{'description': 'overcast clouds'}]
159,Tete,MZ,2021-04-19 20:48:29,-16.1564,33.5867,69.8,78,40,4.81,[{'description': 'scattered clouds'}]
160,Tateyama,JP,2021-04-19 20:48:30,34.9833,139.8667,55.4,50,20,3.44,[{'description': 'few clouds'}]
161,Sao Filipe,CV,2021-04-19 20:48:30,14.8961,-24.4956,73.89,74,38,13.67,[{'description': 'scattered clouds'}]
162,Krasnyy Yar,RU,2021-04-19 20:48:30,46.5331,48.3456,57.2,88,75,2.24,[{'description': 'broken clouds'}]
163,Airai,TL,2021-04-19 20:46:15,-8.9266,125.4092,56.95,85,63,1.36,[{'description': 'broken clouds'}]
164,Bonavista,CA,2021-04-19 20:48:31,48.6499,-53.1147,41.0,100,100,3.44,[{'description': 'overcast clouds'}]
165,Coihaique,CL,2021-04-19 20:47:32,-45.5752,-72.0662,53.6,47,75,4.61,[{'description': 'broken clouds'}]
166,Torbay,CA,2021-04-19 20:43:13,47.6666,-52.7314,43.0,87,90,11.5,[{'description': 'light rain'}]
167,Faanui,PF,2021-04-19 20:46:54,-16.4833,-151.75,82.71,70,11,12.93,[{'description': 'few clouds'}]
168,Bethel,US,2021-04-19 20:46:24,41.3712,-73.414,57.99,67,90,5.75,[{'description': 'overcast clouds'}]
169,San Quintin,MX,2021-04-19 20:46:10,30.4833,-115.95,71.76,45,0,15.46,[{'description': 'clear sky'}]
170,Mahebourg,MU,2021-04-19 20:46:34,-20.4081,57.7,77.0,94,75,9.8,[{'description': 'broken clouds'}]
171,Santa Rosa,PH,2021-04-19 20:48:09,14.3122,121.1114,80.6,69,40,8.05,[{'description': 'scattered clouds'}]
172,Mandan,US,2021-04-19 20:45:06,46.8267,-100.8896,39.2,35,75,13.8,[{'description': 'broken clouds'}]
173,Khasan,RU,2021-04-19 20:48:32,42.4308,130.6434,47.55,37,0,16.73,[{'description': 'clear sky'}]
174,Andenes,NO,2021-04-19 20:48:32,69.3143,16.1194,44.6,65,75,11.5,[{'description': 'broken clouds'}]
175,Port Elizabeth,ZA,2021-04-19 20:47:26,-33.918,25.5701,59.0,94,90,2.3,[{'description': 'overcast clouds'}]
176,Lakes Entrance,AU,2021-04-19 20:48:32,-37.8811,147.981,51.01,70,12,9.75,[{'description': 'few clouds'}]
177,Nexo,DK,2021-04-19 20:48:33,55.0607,15.1306,42.8,75,0,9.22,[{'description': 'clear sky'}]
178,Caravelas,BR,2021-04-19 20:48:33,-17.7125,-39.2481,78.15,84,18,9.93,[{'description': 'few clouds'}]
179,Linares,CL,2021-04-19 20:48:33,-35.85,-71.6,76.26,23,22,11.14,[{'description': 'few clouds'}]
180,East London,ZA,2021-04-19 20:45:59,-33.0153,27.9116,65.39,75,100,7.94,[{'description': 'light rain'}]
181,Geraldton,AU,2021-04-19 20:46:19,-28.7667,114.6,53.6,94,0,6.91,[{'description': 'clear sky'}]
182,Babstovo,RU,2021-04-19 20:48:34,48.1167,132.4833,31.37,36,0,19.46,[{'description': 'clear sky'}]
183,Jumla,NP,2021-04-19 20:48:34,29.2747,82.1838,45.21,47,0,4.83,[{'description': 'clear sky'}]
184,Lata,PT,2021-04-19 20:46:45,40.1629,-8.3327,61.0,90,12,1.05,[{'description': 'few clouds'}]
185,Nador,MA,2021-04-19 20:48:35,35.174,-2.9287,60.8,72,0,1.14,[{'description': 'clear sky'}]
186,Camacha,PT,2021-04-19 20:48:35,33.0833,-16.3333,66.2,82,40,8.05,[{'description': 'scattered clouds'}]
187,Kidal,ML,2021-04-19 20:47:35,18.4411,1.4078,90.25,9,2,12.46,[{'description': 'clear sky'}]
188,Tanete,ID,2021-04-19 20:48:36,-3.9443,119.7848,73.74,90,99,1.32,[{'description': 'overcast clouds'}]
189,Iberia,US,2021-04-19 20:48:37,29.9502,-91.7507,72.0,35,1,4.61,[{'description': 'clear sky'}]
190,Lenger,KZ,2021-04-19 20:48:37,42.183,69.8839,59.0,58,40,2.24,[{'description': 'scattered clouds'}]
191,Kenitra,MA,2021-04-19 20:48:01,34.261,-6.5802,62.6,94,40,4.61,[{'description': 'scattered clouds'}]
192,Eydhafushi,MV,2021-04-19 20:47:38,5.1033,73.0708,82.8,65,52,2.89,[{'description': 'broken clouds'}]
193,Igrim,RU,2021-04-19 20:48:37,63.1906,64.4162,28.49,76,100,11.59,[{'description': 'overcast clouds'}]
194,Monrovia,LR,2021-04-19 20:46:52,6.3005,-10.7969,78.8,94,75,8.3,[{'description': 'broken clouds'}]
195,Gat,IL,2021-04-19 20:48:38,31.61,34.7642,84.0,28,100,8.43,[{'description': 'overcast clouds'}]
196,Khair,IN,2021-04-19 20:48:38,27.95,77.8333,80.31,17,1,6.58,[{'description': 'clear sky'}]
197,Egvekinot,RU,2021-04-19 20:48:38,66.3167,-179.1667,25.23,69,0,1.41,[{'description': 'clear sky'}]
198,Ostrovnoy,RU,2021-04-19 20:48:39,68.0531,39.5131,35.74,94,79,16.64,[{'description': 'broken clouds'}]
199,Fortuna,US,2021-04-19 20:47:45,40.5982,-124.1573,57.0,82,1,8.05,[{'description': 'clear sky'}]
200,Yuci,CN,2021-04-19 20:48:39,37.6803,112.7319,60.8,41,0,6.71,[{'description': 'clear sky'}]
201,Okha,RU,2021-04-19 20:48:39,53.5739,142.9478,30.33,97,100,9.57,[{'description': 'light snow'}]
202,Coolum Beach,AU,2021-04-19 20:48:40,-26.5333,153.1,63.0,86,0,3.69,[{'description': 'clear sky'}]
203,Longyearbyen,SJ,2021-04-19 20:47:05,78.2186,15.6401,33.8,69,75,9.22,[{'description': 'light snow'}]
204,Ambilobe,MG,2021-04-19 20:48:40,-13.2,49.05,71.47,85,93,3.06,[{'description': 'overcast clouds'}]
205,Queimadas,BR,2021-04-19 20:48:40,-10.9783,-39.6264,77.67,70,83,8.1,[{'description': 'broken clouds'}]
206,Maragogi,BR,2021-04-19 20:48:41,-9.0122,-35.2225,78.6,81,88,6.78,[{'description': 'overcast clouds'}]
207,Oneonta,US,2021-04-19 20:48:41,42.4529,-75.0638,55.0,76,100,1.01,[{'description': 'overcast clouds'}]
208,Thompson,CA,2021-04-19 20:47:34,55.7435,-97.8558,26.6,54,90,13.8,[{'description': 'overcast clouds'}]
209,Kavaratti,IN,2021-04-19 20:48:42,10.5669,72.642,83.55,72,27,7.99,[{'description': 'scattered clouds'}]
210,Muros,ES,2021-04-19 20:47:16,42.7762,-9.0603,57.0,76,81,3.69,[{'description': 'broken clouds'}]
211,Naryan-Mar,RU,2021-04-19 20:48:42,67.6713,53.087,27.68,91,99,12.12,[{'description': 'overcast clouds'}]
212,Champerico,GT,2021-04-19 20:48:43,14.3,-91.9167,89.6,74,40,6.91,[{'description': 'scattered clouds'}]
213,Harsud,IN,2021-04-19 20:48:43,22.1,76.7333,87.24,18,4,6.91,[{'description': 'clear sky'}]
214,Esperance,AU,2021-04-19 20:48:43,-33.8667,121.9,57.2,100,90,3.44,[{'description': 'overcast clouds'}]
215,Qasigiannguit,GL,2021-04-19 20:48:44,68.8193,-51.1922,19.4,42,75,5.75,[{'description': 'broken clouds'}]
216,Tura,IN,2021-04-19 20:41:41,25.5198,90.2201,70.29,87,0,9.28,[{'description': 'clear sky'}]
217,Okato,NZ,2021-04-19 20:48:44,-39.2,173.8833,53.01,81,100,5.01,[{'description': 'light rain'}]
218,Pitimbu,BR,2021-04-19 20:48:44,-7.4706,-34.8086,82.4,74,40,5.75,[{'description': 'scattered clouds'}]
219,Lazaro Cardenas,MX,2021-04-19 20:48:45,17.9583,-102.2,82.67,46,41,9.46,[{'description': 'scattered clouds'}]
220,Bahir Dar,ET,2021-04-19 20:48:45,11.5936,37.3908,66.81,55,83,10.69,[{'description': 'light rain'}]
221,Inndyr,NO,2021-04-19 20:48:45,67.0338,14.0276,42.8,70,0,4.61,[{'description': 'clear sky'}]
222,Pahalgam,IN,2021-04-19 20:48:46,34.0333,75.3333,33.49,66,46,10.89,[{'description': 'scattered clouds'}]
223,Petropavlovsk-Kamchatskiy,RU,2021-04-19 20:48:46,53.0452,158.6483,37.4,93,90,22.37,"[{'description': 'snow'}, {'id': 500, 'main': 'Rain', 'description': 'light rain', 'icon': '10d'}]"
224,Astana,KZ,2021-04-19 20:48:46,51.1801,71.446,21.2,58,0,17.9,[{'description': 'clear sky'}]
225,Alofi,NU,2021-04-19 20:48:46,-19.0595,-169.9187,82.4,74,40,14.97,[{'description': 'scattered clouds'}]
226,Maua,BR,2021-04-19 20:48:47,-23.6678,-46.4614,64.4,88,75,16.11,[{'description': 'broken clouds'}]
227,Ramsar,IR,2021-04-19 20:48:47,36.9226,50.6426,59.0,94,0,2.3,[{'description': 'clear sky'}]
228,Miraflores,MX,2021-04-19 20:48:48,19.2167,-98.8083,84.2,6,1,11.5,[{'description': 'clear sky'}]
229,Mindelo,CV,2021-04-19 20:48:48,16.8901,-24.9804,71.6,68,40,27.63,[{'description': 'scattered clouds'}]
230,Nikolsk,RU,2021-04-19 20:48:48,53.7189,46.0712,39.27,67,96,14.52,[{'description': 'overcast clouds'}]
231,Haines Junction,CA,2021-04-19 20:44:15,60.7522,-137.5108,48.2,31,13,4.61,[{'description': 'few clouds'}]
232,Marystown,CA,2021-04-19 20:48:48,47.1666,-55.1483,37.2,94,100,10.63,[{'description': 'overcast clouds'}]
233,Vilcun,CL,2021-04-19 20:48:09,-38.65,-72.2333,59.0,100,90,9.22,[{'description': 'overcast clouds'}]
234,Imeni Zhelyabova,RU,2021-04-19 20:48:49,58.9544,36.5956,36.23,66,80,6.91,[{'description': 'broken clouds'}]
235,Muana,BR,2021-04-19 20:48:49,-1.5283,-49.2167,76.5,90,92,2.82,[{'description': 'moderate rain'}]
236,Jalu,LY,2021-04-19 20:48:50,29.0331,21.5482,69.69,26,76,23.29,[{'description': 'broken clouds'}]
237,Kenai,US,2021-04-19 20:48:50,60.5544,-151.2583,48.2,49,1,9.22,[{'description': 'clear sky'}]
238,Vila Velha,BR,2021-04-19 20:48:50,-20.3297,-40.2925,77.0,88,75,8.05,[{'description': 'broken clouds'}]
239,Hagersville,CA,2021-04-19 20:48:50,42.9668,-80.0497,60.8,39,75,20.71,[{'description': 'broken clouds'}]
240,Nadym,RU,2021-04-19 20:48:45,65.5333,72.5167,22.5,95,100,20.74,[{'description': 'snow'}]
241,Saint-Philippe,RE,2021-04-19 20:47:02,-21.3585,55.7679,75.2,94,75,5.75,[{'description': 'broken clouds'}]
242,Slonim,BY,2021-04-19 20:48:51,53.0867,25.3219,43.0,84,18,5.99,[{'description': 'few clouds'}]
243,Hithadhoo,MV,2021-04-19 20:46:44,-0.6,73.0833,82.65,65,78,4.38,[{'description': 'broken clouds'}]
244,Mount Gambier,AU,2021-04-19 20:47:24,-37.8333,140.7667,51.8,100,75,10.36,[{'description': 'moderate rain'}]
245,Paldiski,EE,2021-04-19 20:48:51,59.3567,24.0531,46.4,39,0,9.22,[{'description': 'clear sky'}]
246,Faya,SA,2021-04-19 20:48:52,18.3851,42.4509,62.6,44,20,8.75,[{'description': 'few clouds'}]
247,Luanda,AO,2021-04-19 20:44:05,-8.8368,13.2343,75.2,100,20,4.61,[{'description': 'few clouds'}]
248,Abha,SA,2021-04-19 20:48:01,18.2164,42.5053,62.6,44,20,7.67,[{'description': 'few clouds'}]
249,Bilibino,RU,2021-04-19 20:48:52,68.0546,166.4372,18.79,84,32,3.67,[{'description': 'scattered clouds'}]
250,Iranshahr,IR,2021-04-19 20:48:53,27.2025,60.6848,84.2,18,0,4.61,[{'description': 'clear sky'}]
251,Broome,US,2021-04-19 20:48:53,42.2506,-75.833,60.01,62,75,5.44,[{'description': 'broken clouds'}]
252,Batemans Bay,AU,2021-04-19 20:48:53,-35.7167,150.1833,53.01,80,0,1.99,[{'description': 'clear sky'}]
253,Charters Towers,AU,2021-04-19 20:48:54,-20.1,146.2667,70.7,85,100,11.88,[{'description': 'overcast clouds'}]
254,Roma,US,2021-04-19 20:47:26,43.2128,-75.4557,59.0,38,90,11.5,[{'description': 'overcast clouds'}]
255,Wanning,CN,2021-04-19 20:48:54,18.8003,110.3967,77.29,87,99,9.35,[{'description': 'overcast clouds'}]
256,Grenfell,AU,2021-04-19 20:48:54,-33.9,148.1667,45.01,75,4,4.32,[{'description': 'clear sky'}]
257,Fairbanks,US,2021-04-19 20:45:32,64.8378,-147.7164,50.0,57,1,3.44,[{'description': 'clear sky'}]
258,Ordu,TR,2021-04-19 20:48:55,40.9086,37.6845,53.6,100,75,3.44,[{'description': 'broken clouds'}]
259,Nerang,AU,2021-04-19 20:48:55,-27.9833,153.3333,60.01,91,4,1.01,[{'description': 'clear sky'}]
260,Shelburne,CA,2021-04-19 20:48:55,44.0787,-80.2041,57.99,52,100,18.57,[{'description': 'overcast clouds'}]
261,Hamilton,US,2021-04-19 20:42:00,39.1834,-84.5333,68.0,32,75,16.11,[{'description': 'broken clouds'}]
262,Chokurdakh,RU,2021-04-19 20:48:56,70.6333,147.9167,15.03,86,100,10.49,[{'description': 'overcast clouds'}]
263,Balakliya,UA,2021-04-19 20:48:56,49.4627,36.8595,50.0,76,40,4.47,[{'description': 'moderate rain'}]
264,Walvis Bay,NA,2021-04-19 20:47:21,-22.9575,14.5053,77.0,59,3,1.01,[{'description': 'clear sky'}]
265,Kintinku,TZ,2021-04-19 20:48:56,-5.8833,35.2333,69.37,73,100,2.95,[{'description': 'overcast clouds'}]
266,Lorengau,PG,2021-04-19 20:47:49,-2.0226,147.2712,81.81,76,97,7.23,[{'description': 'overcast clouds'}]
267,Atikokan,CA,2021-04-19 20:48:57,48.7555,-91.6216,34.47,44,100,11.86,[{'description': 'overcast clouds'}]
268,Lukovetskiy,RU,2021-04-19 20:48:57,64.2956,41.9211,30.2,69,0,2.24,[{'description': 'clear sky'}]
269,Brigantine,US,2021-04-19 20:48:57,39.4101,-74.3646,55.99,76,90,6.91,[{'description': 'overcast clouds'}]
270,Flinders,AU,2021-04-19 20:46:28,-34.5833,150.8552,51.01,80,0,1.01,[{'description': 'clear sky'}]
271,Coahuayana,MX,2021-04-19 20:45:18,18.7333,-103.6833,87.8,20,20,11.5,[{'description': 'few clouds'}]
272,Oriximina,BR,2021-04-19 20:48:58,-1.7656,-55.8661,77.95,84,100,1.77,[{'description': 'overcast clouds'}]
273,Palmer,US,2021-04-19 20:48:58,42.1584,-72.3287,62.6,34,75,8.05,[{'description': 'broken clouds'}]
274,Makakilo City,US,2021-04-19 20:47:14,21.3469,-158.0858,82.0,61,1,6.91,[{'description': 'clear sky'}]
275,Saint-Augustin,CA,2021-04-19 20:48:59,51.226,-58.6502,41.22,87,100,17.87,[{'description': 'overcast clouds'}]
276,Powell River,CA,2021-04-19 20:48:59,49.8496,-124.5361,64.99,39,20,6.91,[{'description': 'few clouds'}]
277,Gazanjyk,TM,2021-04-19 20:49:00,39.2446,55.5154,68.56,45,22,8.75,[{'description': 'few clouds'}]
278,Namibe,AO,2021-04-19 20:46:52,-15.1961,12.1522,81.19,73,6,1.97,[{'description': 'clear sky'}]
279,Lyngdal,NO,2021-04-19 20:49:00,58.1376,7.07,51.01,50,0,3.0,[{'description': 'clear sky'}]
280,Kabinda,CD,2021-04-19 20:49:00,-6.1333,24.4833,68.85,92,100,3.4,[{'description': 'light rain'}]
281,Eyl,SO,2021-04-19 20:49:01,7.9803,49.8164,82.31,77,62,9.89,[{'description': 'light rain'}]
282,Tecoanapa,MX,2021-04-19 20:49:01,16.5167,-98.75,85.66,45,28,10.94,[{'description': 'scattered clouds'}]
283,Necochea,AR,2021-04-19 20:42:22,-38.5473,-58.7368,77.0,57,3,8.99,[{'description': 'clear sky'}]
284,Hokitika,NZ,2021-04-19 20:49:01,-42.7167,170.9667,53.85,77,96,4.07,[{'description': 'overcast clouds'}]
285,Tambo,PE,2021-04-19 20:49:02,-14.8,-73.9167,43.23,76,42,10.94,[{'description': 'scattered clouds'}]
286,Tubmanburg,LR,2021-04-19 20:49:02,6.8708,-10.8172,78.71,84,47,2.86,[{'description': 'scattered clouds'}]
287,Los Llanos De Aridane,ES,2021-04-19 20:47:04,28.6585,-17.9182,68.0,73,0,16.11,[{'description': 'clear sky'}]
288,Aklavik,CA,2021-04-19 20:49:02,68.2191,-135.0107,44.6,42,83,3.44,[{'description': 'broken clouds'}]
289,Voskresenskoye,RU,2021-04-19 20:49:03,56.8381,45.4317,32.45,61,28,8.39,[{'description': 'scattered clouds'}]
290,Murray Bridge,AU,2021-04-19 20:49:04,-35.1167,139.2667,55.99,93,9,8.39,[{'description': 'clear sky'}]
291,Severo-Kurilsk,RU,2021-04-19 20:47:20,50.6789,156.125,37.09,94,100,15.19,[{'description': 'overcast clouds'}]
292,Altay,CN,2021-04-19 20:49:04,47.8667,88.1167,45.9,85,100,4.81,[{'description': 'moderate rain'}]
293,Semnan,IR,2021-04-19 20:49:04,35.5729,53.3971,68.61,28,49,1.61,[{'description': 'scattered clouds'}]
294,Seoul,KR,2021-04-19 20:49:05,37.5683,126.9778,44.6,87,11,3.44,[{'description': 'few clouds'}]
295,Vanavara,RU,2021-04-19 20:49:05,60.34,102.2797,25.21,92,100,11.34,[{'description': 'light snow'}]
296,Serebryansk,KZ,2021-04-19 20:49:05,49.6925,83.2892,30.2,69,75,13.42,[{'description': 'broken clouds'}]
297,Khilok,RU,2021-04-19 20:49:06,51.3674,110.4676,35.4,64,88,4.54,[{'description': 'overcast clouds'}]
298,French Harbor,HN,2021-04-19 20:49:06,16.35,-86.4333,86.0,79,40,4.61,[{'description': 'scattered clouds'}]
299,Severo-Yeniseyskiy,RU,2021-04-19 20:47:19,60.3725,93.0408,5.92,93,100,12.66,[{'description': 'light snow'}]
300,Krasnyy,RU,2021-04-19 20:49:06,54.5678,31.4333,44.51,85,97,9.04,[{'description': 'light rain'}]
301,Mezen,RU,2021-04-19 20:49:07,65.8522,44.24,30.7,79,38,5.82,[{'description': 'scattered clouds'}]
302,Cherskiy,RU,2021-04-19 20:47:49,68.75,161.3,25.7,76,93,9.48,[{'description': 'overcast clouds'}]
303,Upernavik,GL,2021-04-19 20:46:14,72.7868,-56.1549,7.03,81,26,6.85,[{'description': 'scattered clouds'}]
304,San Carlos De Bariloche,AR,2021-04-19 20:45:30,-41.1456,-71.3082,57.2,88,75,11.5,[{'description': 'broken clouds'}]
305,Klaksvik,FO,2021-04-19 20:47:27,62.2266,-6.589,41.0,81,20,6.91,[{'description': 'few clouds'}]
306,Meulaboh,ID,2021-04-19 20:49:07,4.1363,96.1285,75.63,82,100,3.69,[{'description': 'overcast clouds'}]
307,Canico,PT,2021-04-19 20:49:08,32.6333,-16.85,66.2,72,20,5.75,[{'description': 'few clouds'}]
308,Redcar,GB,2021-04-19 20:49:08,54.6166,-1.06,48.99,67,12,5.01,[{'description': 'few clouds'}]
309,Srednekolymsk,RU,2021-04-19 20:47:17,67.45,153.6833,27.5,77,100,4.59,[{'description': 'overcast clouds'}]
310,Laguna,US,2021-04-19 20:49:08,38.421,-121.4238,81.0,35,1,9.22,[{'description': 'clear sky'}]
311,Gornopravdinsk,RU,2021-04-19 20:49:09,60.05,69.9,14.04,83,81,5.19,[{'description': 'broken clouds'}]
312,Anadyr,RU,2021-04-19 20:49:09,64.75,177.4833,12.2,85,20,2.24,[{'description': 'fog'}]
313,Cockburn Town,TC,2021-04-19 20:49:09,21.4612,-71.1419,82.4,65,20,25.32,[{'description': 'few clouds'}]
314,Cabra,ES,2021-04-19 20:46:25,37.4725,-4.4421,66.0,55,100,1.01,[{'description': 'overcast clouds'}]
315,Kuroishi,JP,2021-04-19 20:49:10,40.6389,140.5922,54.0,74,34,3.0,[{'description': 'scattered clouds'}]
316,Qobustan,AZ,2021-04-19 20:49:10,40.0824,49.412,55.4,88,0,6.91,[{'description': 'clear sky'}]
317,Inverness,GB,2021-04-19 20:49:10,57.4791,-4.224,52.0,62,100,2.3,[{'description': 'overcast clouds'}]
318,Salalah,OM,2021-04-19 20:47:07,17.0151,54.0924,82.4,78,0,1.14,[{'description': 'clear sky'}]
319,Half Moon Bay,US,2021-04-19 20:46:53,37.4636,-122.4286,66.99,82,90,12.66,[{'description': 'haze'}]
320,Obregon,NI,2021-04-19 20:49:11,11.9566,-85.9636,95.0,49,40,13.8,[{'description': 'scattered clouds'}]
321,Guerrero Negro,MX,2021-04-19 20:49:11,27.9769,-114.0611,80.19,25,0,16.11,[{'description': 'clear sky'}]
322,Namatanai,PG,2021-04-19 20:49:11,-3.6667,152.4333,80.8,79,100,5.44,[{'description': 'light rain'}]
323,Bulata,PH,2021-04-19 20:49:12,9.8599,122.4016,81.18,81,100,17.02,[{'description': 'overcast clouds'}]
324,Suntar,RU,2021-04-19 20:49:12,62.1444,117.6319,8.28,94,17,5.64,[{'description': 'few clouds'}]
325,Mana,GF,2021-04-19 20:49:12,5.6592,-53.7767,78.75,77,90,8.57,[{'description': 'overcast clouds'}]
326,Portland,US,2021-04-19 20:46:33,45.5234,-122.6762,73.0,26,75,20.71,[{'description': 'broken clouds'}]
327,Praia Da Vitoria,PT,2021-04-19 20:49:13,38.7333,-27.0667,63.0,82,40,11.59,[{'description': 'scattered clouds'}]
328,Krasnoyarka,RU,2021-04-19 20:49:13,55.3333,73.1167,17.6,53,0,6.71,[{'description': 'clear sky'}]
329,Comodoro Rivadavia,AR,2021-04-19 20:49:14,-45.8667,-67.5,69.8,32,0,19.57,[{'description': 'clear sky'}]
330,Riyadh,SA,2021-04-19 20:46:59,24.6877,46.7219,84.2,18,0,3.44,[{'description': 'clear sky'}]
331,Sorland,NO,2021-04-19 20:49:14,67.667,12.6934,44.6,81,0,9.22,[{'description': 'clear sky'}]
332,Broken Hill,AU,2021-04-19 20:49:14,-31.95,141.4333,59.0,41,100,6.91,[{'description': 'overcast clouds'}]
333,Bambous Virieux,MU,2021-04-19 20:47:32,-20.3428,57.7575,77.0,94,75,9.64,[{'description': 'light rain'}]
334,Solenzo,BF,2021-04-19 20:49:15,12.1833,-4.0833,97.14,14,61,5.84,[{'description': 'broken clouds'}]
335,Muncar,ID,2021-04-19 20:49:15,-8.4333,114.3333,73.98,85,22,1.61,[{'description': 'few clouds'}]
336,Ayan,RU,2021-04-19 20:49:16,56.45,138.1667,31.23,90,100,11.25,[{'description': 'light snow'}]
337,Tres Arroyos,AR,2021-04-19 20:48:11,-38.3739,-60.2798,71.58,63,9,14.63,[{'description': 'clear sky'}]
338,Shawinigan,CA,2021-04-19 20:49:16,46.5668,-72.7491,57.99,71,99,6.91,[{'description': 'overcast clouds'}]
339,Komsomolskiy,UZ,2021-04-19 20:49:16,40.4272,71.7189,60.8,41,91,2.3,[{'description': 'overcast clouds'}]
340,Bairiki,KI,2021-04-19 20:49:16,1.3292,172.9752,82.4,83,40,9.22,[{'description': 'light rain'}]
341,Pisco,PE,2021-04-19 20:45:01,-13.7,-76.2167,77.0,61,0,5.75,[{'description': 'clear sky'}]
342,Chuchkovo,RU,2021-04-19 20:49:17,54.2693,41.4465,41.97,71,100,14.56,[{'description': 'overcast clouds'}]
343,Ukiah,US,2021-04-19 20:49:17,39.1502,-123.2078,78.8,24,1,9.22,[{'description': 'clear sky'}]
344,Ostersund,SE,2021-04-19 20:46:52,63.1792,14.6357,48.2,40,5,5.75,[{'description': 'clear sky'}]
345,Elk City,US,2021-04-19 20:49:18,35.412,-99.4043,73.4,18,40,10.36,[{'description': 'scattered clouds'}]
346,Keflavik,IS,2021-04-19 20:46:47,64.0049,-22.5624,33.8,86,75,11.5,[{'description': 'broken clouds'}]
347,Sobolevo,RU,2021-04-19 20:46:16,54.4299,31.8996,43.68,85,95,10.04,[{'description': 'overcast clouds'}]
348,Ocampo,MX,2021-04-19 20:49:18,21.65,-101.5,87.01,50,18,24.43,[{'description': 'few clouds'}]
349,Jamai,IN,2021-04-19 20:49:19,22.2,78.5833,80.44,19,11,1.9,[{'description': 'few clouds'}]
350,Hailey,US,2021-04-19 20:49:19,43.5196,-114.3153,53.6,32,75,14.97,[{'description': 'broken clouds'}]
351,Nola,IT,2021-04-19 20:49:19,40.922,14.5329,46.99,80,62,1.74,[{'description': 'broken clouds'}]
352,Ternate,ID,2021-04-19 20:47:04,0.8,127.4,80.53,80,100,2.48,[{'description': 'overcast clouds'}]
353,Bubaque,GW,2021-04-19 20:49:20,11.2833,-15.8333,78.62,73,57,16.22,[{'description': 'broken clouds'}]
354,Tessalit,ML,2021-04-19 20:46:49,20.1986,1.0114,85.19,8,40,9.15,[{'description': 'scattered clouds'}]
355,Clyde River,CA,2021-04-19 20:49:20,70.4692,-68.5914,8.6,85,20,17.27,[{'description': 'snow'}]
356,Leh,IN,2021-04-19 20:49:21,34.1667,77.5833,28.54,38,5,2.24,[{'description': 'clear sky'}]
357,Abu Zabad,SD,2021-04-19 20:49:21,12.35,29.25,87.67,10,36,8.57,[{'description': 'scattered clouds'}]
358,Lompoc,US,2021-04-19 20:42:14,34.6391,-120.4579,60.8,72,1,17.27,[{'description': 'clear sky'}]
359,Dakar,SN,2021-04-19 20:48:43,14.6937,-17.4441,69.8,88,0,6.91,[{'description': 'clear sky'}]
360,Whitehorse,CA,2021-04-19 20:47:51,60.7161,-135.0538,51.8,25,1,13.8,[{'description': 'clear sky'}]
361,Ndioum,SN,2021-04-19 20:49:22,16.5129,-14.6471,91.85,13,51,17.67,[{'description': 'broken clouds'}]
362,Millington,US,2021-04-19 20:49:22,35.3415,-89.8973,70.0,34,1,5.75,[{'description': 'clear sky'}]
363,Ballina,AU,2021-04-19 20:49:22,-28.8667,153.5667,59.0,100,2,5.17,[{'description': 'clear sky'}]
364,Pusztaszabolcs,HU,2021-04-19 20:49:22,47.1372,18.767,46.99,87,75,3.44,[{'description': 'broken clouds'}]
365,Skjervoy,NO,2021-04-19 20:49:23,70.0311,20.9714,40.75,70,25,12.17,[{'description': 'scattered clouds'}]
366,Mutoko,ZW,2021-04-19 20:49:23,-17.397,32.2268,55.06,82,81,1.81,[{'description': 'broken clouds'}]
367,Mentougou,CN,2021-04-19 20:49:23,39.9392,116.0917,64.0,67,100,2.26,[{'description': 'light rain'}]
368,Carballo,ES,2021-04-19 20:46:24,43.213,-8.691,57.0,81,99,2.53,[{'description': 'overcast clouds'}]
369,Carutapera,BR,2021-04-19 20:49:24,-1.195,-46.02,73.62,94,100,5.5,[{'description': 'overcast clouds'}]
370,Vestmannaeyjar,IS,2021-04-19 20:47:10,63.4427,-20.2734,38.32,58,96,24.11,[{'description': 'overcast clouds'}]
371,San Cristobal,VE,2021-04-19 20:49:24,7.7669,-72.225,95.0,28,40,21.85,[{'description': 'scattered clouds'}]
372,Nykoping,SE,2021-04-19 20:46:03,58.753,17.0079,42.8,65,0,3.44,[{'description': 'clear sky'}]
373,Hambantota,LK,2021-04-19 20:49:25,6.1241,81.1185,77.0,100,40,3.44,[{'description': 'scattered clouds'}]
374,Mandalgovi,MN,2021-04-19 20:49:25,45.7625,106.2708,43.9,38,0,7.63,[{'description': 'clear sky'}]
375,Rio Gallegos,AR,2021-04-19 20:49:25,-51.6226,-69.2181,55.4,58,40,2.3,[{'description': 'light rain'}]
376,Qaqortoq,GL,2021-04-19 20:47:20,60.7167,-46.0333,42.8,36,75,6.91,[{'description': 'broken clouds'}]
377,Lebu,CL,2021-04-19 20:46:38,-37.6167,-73.65,58.19,96,100,15.79,[{'description': 'overcast clouds'}]
378,Samana,DO,2021-04-19 20:49:26,19.2056,-69.3369,89.6,62,40,11.5,[{'description': 'scattered clouds'}]
379,Coquimbo,CL,2021-04-19 20:49:26,-29.9533,-71.3436,59.0,82,75,10.36,[{'description': 'broken clouds'}]
380,Ugoofaaru,MV,2021-04-19 20:49:26,5.6667,73.0,83.14,67,31,3.44,[{'description': 'scattered clouds'}]
381,Basco,PH,2021-04-19 20:49:27,20.4487,121.9702,75.13,70,50,28.88,[{'description': 'scattered clouds'}]
382,Birao,CF,2021-04-19 20:47:36,10.2849,22.7882,88.29,24,81,2.33,[{'description': 'broken clouds'}]
383,Barcelos,PT,2021-04-19 20:49:15,41.5388,-8.6151,59.0,82,75,3.44,[{'description': 'broken clouds'}]
384,Paragominas,BR,2021-04-19 20:48:09,-2.9667,-47.4833,71.8,95,99,4.41,[{'description': 'light rain'}]
385,Teguldet,RU,2021-04-19 20:49:27,57.3064,88.1667,6.58,95,91,8.05,[{'description': 'overcast clouds'}]
386,Te Anau,NZ,2021-04-19 20:47:30,-45.4167,167.7167,50.23,87,14,3.58,[{'description': 'few clouds'}]
387,Cunduacan,MX,2021-04-19 20:49:28,18.0667,-93.1667,82.4,69,90,9.22,[{'description': 'overcast clouds'}]
388,Altona,DE,2021-04-19 20:49:28,53.55,9.9333,50.0,50,3,6.91,[{'description': 'clear sky'}]
389,Morgan City,US,2021-04-19 20:49:28,29.6994,-91.2068,71.01,46,1,10.36,[{'description': 'clear sky'}]
390,Zhezkazgan,KZ,2021-04-19 20:49:28,47.8043,67.7144,33.98,65,100,19.82,[{'description': 'snow'}]
391,Upata,VE,2021-04-19 20:49:29,8.0086,-62.3989,89.01,51,100,8.01,[{'description': 'overcast clouds'}]
392,Chumikan,RU,2021-04-19 20:47:19,54.7183,135.315,27.43,81,100,19.57,[{'description': 'overcast clouds'}]
393,New Richmond,US,2021-04-19 20:49:29,45.123,-92.5366,39.2,52,90,17.27,[{'description': 'overcast clouds'}]
394,Aykhal,RU,2021-04-19 20:49:07,66.0,111.5,-5.28,100,98,3.51,[{'description': 'overcast clouds'}]
395,Daru,PG,2021-04-19 20:49:30,-9.0763,143.2092,76.23,92,97,6.73,[{'description': 'overcast clouds'}]
396,Sitka,US,2021-04-19 20:47:51,57.0531,-135.33,60.8,36,20,11.5,[{'description': 'few clouds'}]
397,Candolim,IN,2021-04-19 20:46:59,15.5181,73.7626,84.2,79,20,6.91,[{'description': 'few clouds'}]
398,Asyut,EG,2021-04-19 20:49:30,27.181,31.1837,87.8,30,0,6.91,[{'description': 'clear sky'}]
399,Isla Mujeres,MX,2021-04-19 20:49:31,21.2311,-86.731,82.4,83,75,11.5,[{'description': 'broken clouds'}]
400,Moranbah,AU,2021-04-19 20:49:31,-22.0016,148.0466,65.34,89,0,8.93,[{'description': 'clear sky'}]
401,Vardo,NO,2021-04-19 20:49:31,70.3705,31.1107,41.0,52,0,18.41,[{'description': 'clear sky'}]
402,Taoudenni,ML,2021-04-19 20:49:32,22.6783,-3.9836,85.06,10,0,9.91,[{'description': 'clear sky'}]
403,Brae,GB,2021-04-19 20:47:41,60.3964,-1.353,46.4,76,100,16.11,[{'description': 'overcast clouds'}]
404,Caraballeda,VE,2021-04-19 20:49:32,10.6112,-66.8522,86.0,74,20,8.05,[{'description': 'few clouds'}]
405,Mountain Home,US,2021-04-19 20:47:36,43.133,-115.6912,64.4,19,20,35.68,[{'description': 'haze'}]
406,Najran,SA,2021-04-19 20:46:27,17.4924,44.1277,75.2,23,40,4.61,[{'description': 'scattered clouds'}]
407,Banda Aceh,ID,2021-04-19 20:46:28,5.5577,95.3222,79.74,73,100,11.79,[{'description': 'overcast clouds'}]
408,Gashua,NG,2021-04-19 20:49:33,12.871,11.0482,88.74,8,94,1.79,[{'description': 'overcast clouds'}]
409,Porteirinha,BR,2021-04-19 20:49:33,-15.7433,-43.0283,73.13,72,75,2.77,[{'description': 'broken clouds'}]
410,Isangel,VU,2021-04-19 20:46:42,-19.55,169.2667,81.81,79,46,3.49,[{'description': 'scattered clouds'}]
411,Solnechnyy,RU,2021-04-19 20:49:33,50.7214,136.6319,25.41,80,100,10.38,[{'description': 'light snow'}]
412,Oranjemund,NA,2021-04-19 20:46:13,-28.55,16.4333,60.93,92,99,5.41,[{'description': 'overcast clouds'}]
413,Muroto,JP,2021-04-19 20:49:34,33.2833,134.15,57.34,57,0,5.35,[{'description': 'clear sky'}]
414,Huambo,AO,2021-04-19 20:49:34,-12.7761,15.7392,64.0,68,100,3.36,[{'description': 'overcast clouds'}]
415,Baykit,RU,2021-04-19 20:49:35,61.67,96.37,25.18,94,100,4.79,[{'description': 'overcast clouds'}]
416,Eureka,US,2021-04-19 20:49:35,40.8021,-124.1637,57.0,76,40,8.05,[{'description': 'scattered clouds'}]
417,Myshkin,RU,2021-04-19 20:49:36,57.7897,38.4545,36.73,61,9,9.73,[{'description': 'clear sky'}]
418,Crestview,US,2021-04-19 20:49:36,30.7621,-86.5705,75.99,31,1,5.75,[{'description': 'clear sky'}]
419,Diego De Almagro,CL,2021-04-19 20:49:37,-26.3667,-70.05,75.36,24,0,8.61,[{'description': 'clear sky'}]
420,Areosa,PT,2021-04-19 20:47:29,41.7178,-8.8571,59.0,82,75,3.44,[{'description': 'broken clouds'}]
421,Kishtwar,IN,2021-04-19 20:49:37,33.3167,75.7667,47.1,59,90,6.53,[{'description': 'overcast clouds'}]
422,Marsh Harbour,BS,2021-04-19 20:49:37,26.5412,-77.0636,81.19,69,51,20.07,[{'description': 'broken clouds'}]
423,Irtyshskiy,RU,2021-04-19 20:49:38,58.3333,68.1333,20.53,56,18,3.22,[{'description': 'few clouds'}]
424,Markova,UA,2021-04-19 20:49:38,48.6758,24.4138,41.41,93,99,2.17,[{'description': 'overcast clouds'}]
425,Baruun-Urt,MN,2021-04-19 20:49:38,46.6806,113.2792,38.08,30,0,2.73,[{'description': 'clear sky'}]
426,Rajapur,IN,2021-04-19 20:49:39,25.3833,81.15,86.54,13,1,0.89,[{'description': 'clear sky'}]
427,Mangai,CD,2021-04-19 20:46:42,-4.05,19.5333,71.19,98,100,3.02,[{'description': 'moderate rain'}]
428,Sotik,KE,2021-04-19 20:49:39,-0.6833,35.1187,57.56,96,100,4.52,[{'description': 'overcast clouds'}]
429,Nantucket,US,2021-04-19 20:49:40,41.2835,-70.0995,55.4,67,1,12.66,[{'description': 'clear sky'}]
430,Vilhena,BR,2021-04-19 20:49:40,-12.7406,-60.1458,75.2,94,75,10.36,[{'description': 'broken clouds'}]
431,Tieli,CN,2021-04-19 20:49:40,46.95,128.05,31.19,43,0,6.22,[{'description': 'clear sky'}]
432,Santa Marta,CO,2021-04-19 20:42:45,11.2408,-74.199,83.12,74,100,13.04,[{'description': 'overcast clouds'}]
433,Talipan,PH,2021-04-19 20:49:41,13.9333,121.6833,74.93,92,100,4.83,[{'description': 'overcast clouds'}]
434,Puerto Narino,CO,2021-04-19 20:49:41,-3.7703,-70.3831,78.8,83,75,2.3,[{'description': 'heavy intensity rain'}]
435,The Valley,AI,2021-04-19 20:49:41,18.217,-63.0578,82.4,69,20,14.97,[{'description': 'few clouds'}]
436,Kruisfontein,ZA,2021-04-19 20:47:46,-34.0033,24.7314,59.0,88,100,1.99,[{'description': 'overcast clouds'}]
437,Garchitorena,PH,2021-04-19 20:49:42,13.8804,123.6946,77.0,92,100,25.14,[{'description': 'heavy intensity rain'}]
438,Ixtapa,MX,2021-04-19 20:49:42,20.7,-105.2,80.6,65,40,13.8,[{'description': 'scattered clouds'}]
439,Xichang,CN,2021-04-19 20:47:19,27.8964,102.2634,54.3,78,3,1.88,[{'description': 'clear sky'}]
440,Lamu,KE,2021-04-19 20:49:43,-2.2717,40.902,79.27,83,100,13.85,[{'description': 'overcast clouds'}]
441,Cairns,AU,2021-04-19 20:48:24,-16.9167,145.7667,73.99,100,75,3.44,[{'description': 'moderate rain'}]
442,Maningrida,AU,2021-04-19 20:49:43,-12.0667,134.2667,73.83,78,47,5.41,[{'description': 'scattered clouds'}]
443,Algiers,DZ,2021-04-19 20:46:25,36.7525,3.042,55.4,58,0,2.3,[{'description': 'clear sky'}]
444,Kashi,CN,2021-04-19 20:49:43,39.4547,75.9797,57.2,21,0,8.95,[{'description': 'clear sky'}]
445,Codrington,AU,2021-04-19 20:46:29,-38.2667,141.9667,54.21,90,57,12.06,[{'description': 'light rain'}]
446,Ammapettai,IN,2021-04-19 20:49:44,10.8,79.3333,86.0,74,40,3.44,[{'description': 'haze'}]
447,Hare Bay,CA,2021-04-19 20:49:44,48.8499,-54.0148,41.0,100,90,12.66,[{'description': 'mist'}]
448,Migori,KE,2021-04-19 20:49:44,-1.0634,34.4731,65.7,83,100,7.43,[{'description': 'overcast clouds'}]
449,Mae Hong Son,TH,2021-04-19 20:49:45,19.3003,97.9685,73.4,73,3,1.1,[{'description': 'clear sky'}]
450,Port Lincoln,AU,2021-04-19 20:46:30,-34.7333,135.8667,60.39,83,8,15.57,[{'description': 'clear sky'}]
451,Mawlaik,MM,2021-04-19 20:49:45,23.6333,94.4167,69.17,56,0,1.95,[{'description': 'clear sky'}]
452,Preobrazheniye,RU,2021-04-19 20:49:45,42.9019,133.9064,43.47,54,0,11.12,[{'description': 'clear sky'}]
453,Ishigaki,JP,2021-04-19 20:47:22,24.3448,124.1572,70.75,67,8,19.37,[{'description': 'clear sky'}]
454,Porto Novo,BJ,2021-04-19 20:49:46,6.4965,2.6036,84.2,79,20,8.05,[{'description': 'few clouds'}]
455,Bikramganj,IN,2021-04-19 20:49:46,25.2,84.25,81.9,15,0,5.44,[{'description': 'clear sky'}]
456,Marsa Matruh,EG,2021-04-19 20:49:46,31.3525,27.2453,64.4,77,40,21.85,[{'description': 'scattered clouds'}]
457,Denpasar,ID,2021-04-19 20:49:47,-8.65,115.2167,80.6,83,20,3.44,[{'description': 'few clouds'}]
458,Vila,PT,2021-04-19 20:46:18,42.0304,-8.1588,54.0,61,100,5.01,[{'description': 'overcast clouds'}]
459,Bonthe,SL,2021-04-19 20:49:47,7.5264,-12.505,81.77,80,69,8.99,[{'description': 'broken clouds'}]
460,Olga,RU,2021-04-19 20:49:47,43.7444,135.2892,41.86,34,2,20.85,[{'description': 'clear sky'}]
461,Pangnirtung,CA,2021-04-19 20:47:14,66.1451,-65.7125,17.6,86,90,4.61,[{'description': 'light snow'}]
462,Flin Flon,CA,2021-04-19 20:49:48,54.7682,-101.865,32.0,51,75,10.36,[{'description': 'light snow'}]
463,Sasebo,JP,2021-04-19 20:49:48,33.1592,129.7228,53.01,33,0,1.99,[{'description': 'clear sky'}]
464,Arman,RU,2021-04-19 20:49:48,59.7,150.1667,34.2,90,100,22.62,[{'description': 'snow'}]
465,Hasaki,JP,2021-04-19 20:46:32,35.7333,140.8333,46.4,93,20,3.44,[{'description': 'few clouds'}]
466,Gigmoto,PH,2021-04-19 20:49:49,13.7796,124.39,78.08,91,100,30.29,[{'description': 'moderate rain'}]
467,Samarai,PG,2021-04-19 20:49:49,-10.6167,150.6667,81.9,78,97,10.07,[{'description': 'overcast clouds'}]
468,Koungou,YT,2021-04-19 20:49:49,-12.7336,45.2042,80.6,83,0,3.44,[{'description': 'moderate rain'}]
469,Venado Tuerto,AR,2021-04-19 20:45:10,-33.7456,-61.9688,71.76,67,0,11.16,[{'description': 'clear sky'}]
470,Port Augusta,AU,2021-04-19 20:49:50,-32.5,137.7667,50.0,71,90,9.22,[{'description': 'overcast clouds'}]
471,Swellendam,ZA,2021-04-19 20:49:50,-34.0226,20.4417,59.0,77,100,16.11,[{'description': 'overcast clouds'}]
472,Lahaina,US,2021-04-19 20:49:50,20.8783,-156.6825,80.6,61,20,4.61,[{'description': 'few clouds'}]
473,Burlington,US,2021-04-19 20:49:08,39.8835,-74.6413,62.6,51,75,9.22,[{'description': 'broken clouds'}]
474,Aketi,CD,2021-04-19 20:49:51,2.7388,23.7833,70.92,97,100,2.42,[{'description': 'overcast clouds'}]
475,Yar-Sale,RU,2021-04-19 20:46:49,66.8333,70.8333,27.48,96,100,14.81,[{'description': 'snow'}]
476,Houston,US,2021-04-19 20:48:05,29.7633,-95.3633,77.0,28,40,4.61,[{'description': 'scattered clouds'}]
477,Storforshei,NO,2021-04-19 20:49:52,66.4043,14.5233,42.01,75,0,2.3,[{'description': 'clear sky'}]
478,Puerto Del Rosario,ES,2021-04-19 20:49:52,28.5004,-13.8627,68.0,83,20,16.11,[{'description': 'few clouds'}]
479,Bhandaria,BD,2021-04-19 20:49:52,22.4861,90.0609,78.12,90,24,8.25,[{'description': 'few clouds'}]
480,Pudozh,RU,2021-04-19 20:49:53,61.8099,36.5345,34.43,81,100,4.36,[{'description': 'overcast clouds'}]
481,Shingu,JP,2021-04-19 20:49:53,33.7333,135.9833,50.0,72,0,5.79,[{'description': 'clear sky'}]
482,Chernyshevskiy,RU,2021-04-19 20:49:53,63.0128,112.4714,7.97,91,33,9.44,[{'description': 'scattered clouds'}]
483,Sambava,MG,2021-04-19 20:49:53,-14.2667,50.1667,73.89,88,100,11.43,[{'description': 'overcast clouds'}]
484,Kalabo,ZM,2021-04-19 20:49:54,-14.97,22.6814,64.81,58,89,5.28,[{'description': 'overcast clouds'}]
485,Banyo,CM,2021-04-19 20:49:54,6.75,11.8167,70.34,75,96,2.13,[{'description': 'overcast clouds'}]
486,Roald,NO,2021-04-19 20:49:54,62.5833,6.1333,44.01,81,0,2.3,[{'description': 'clear sky'}]
487,Itoman,JP,2021-04-19 20:49:55,26.1247,127.6694,64.4,68,40,8.05,[{'description': 'scattered clouds'}]
488,Korla,CN,2021-04-19 20:49:55,41.7597,86.1469,62.6,38,100,5.14,[{'description': 'overcast clouds'}]
489,Georgetown,MY,2021-04-19 20:47:10,5.4112,100.3354,77.0,94,40,2.3,[{'description': 'scattered clouds'}]
490,Manokwari,ID,2021-04-19 20:42:19,-0.8667,134.0833,77.92,78,99,2.64,[{'description': 'overcast clouds'}]
491,El Cocuy,CO,2021-04-19 20:49:55,6.4078,-72.4446,57.83,76,100,1.05,[{'description': 'overcast clouds'}]
492,General Roca,AR,2021-04-19 20:49:56,-39.0333,-67.5833,87.8,27,0,8.55,[{'description': 'clear sky'}]
493,Los Rastrojos,VE,2021-04-19 20:48:41,10.0259,-69.2417,89.53,26,100,9.46,[{'description': 'overcast clouds'}]
494,Dudinka,RU,2021-04-19 20:49:56,69.4058,86.1778,-20.04,100,98,1.81,[{'description': 'overcast clouds'}]
495,Paoua,CF,2021-04-19 20:45:38,7.2427,16.4406,80.28,56,100,8.08,[{'description': 'overcast clouds'}]
496,Prado,BR,2021-04-19 20:49:57,-17.3411,-39.2208,78.17,84,39,12.35,[{'description': 'scattered clouds'}]
497,Richards Bay,ZA,2021-04-19 20:49:57,-28.783,32.0377,72.93,78,15,20.31,[{'description': 'few clouds'}]
498,Toul,FR,2021-04-19 20:49:57,48.6667,5.9167,46.4,81,0,6.91,[{'description': 'clear sky'}]
499,Aras,ES,2021-04-19 20:49:58,42.5617,-2.356,60.8,33,20,5.75,[{'description': 'few clouds'}]
500,Kudahuvadhoo,MV,2021-04-19 20:46:45,2.6708,72.8944,82.18,66,29,5.12,[{'description': 'scattered clouds'}]
501,Jining,CN,2021-04-19 20:46:23,35.405,116.5814,55.08,55,100,6.87,[{'description': 'light rain'}]
502,Antigonish,CA,2021-04-19 20:49:58,45.6169,-61.9986,43.0,89,94,4.0,[{'description': 'overcast clouds'}]
503,Dundee,GB,2021-04-19 20:49:58,56.5,-2.9667,48.99,87,0,3.44,[{'description': 'clear sky'}]
504,Royan,FR,2021-04-19 20:49:59,45.6285,-1.0281,57.2,51,0,6.91,[{'description': 'clear sky'}]
505,Babu,CN,2021-04-19 20:49:59,24.4167,111.5167,65.61,97,100,3.91,[{'description': 'light rain'}]
506,Prusanky,CZ,2021-04-19 20:49:59,48.8284,16.9807,46.4,76,0,2.3,[{'description': 'clear sky'}]
507,Santo Amaro Das Brotas,BR,2021-04-19 20:50:00,-10.7889,-37.0544,82.4,74,20,11.5,[{'description': 'few clouds'}]
508,Mayor Pablo Lagerenza,PY,2021-04-19 20:50:00,-19.9309,-60.7718,84.58,52,98,3.69,[{'description': 'overcast clouds'}]
509,Bingerville,CI,2021-04-19 20:50:00,5.3584,-3.8869,82.4,94,20,2.3,[{'description': 'few clouds'}]
510,Northam,GB,2021-04-19 20:50:01,51.0333,-4.2167,46.99,79,100,1.01,[{'description': 'overcast clouds'}]
511,Havre-Saint-Pierre,CA,2021-04-19 20:50:01,50.2334,-63.5986,48.2,81,90,12.66,[{'description': 'overcast clouds'}]
512,Ziarat,PK,2021-04-19 20:50:02,30.3823,67.7282,50.04,52,100,1.95,[{'description': 'overcast clouds'}]
513,Krasnoselkup,RU,2021-04-19 20:50:02,65.7,82.4667,-12.64,100,49,4.56,[{'description': 'scattered clouds'}]
514,Mbour,SN,2021-04-19 20:50:02,14.422,-16.9638,71.6,73,0,17.27,[{'description': 'clear sky'}]
515,Jinka,ET,2021-04-19 20:50:03,5.65,36.65,64.51,74,86,4.7,[{'description': 'overcast clouds'}]
516,Camopi,GF,2021-04-19 20:50:04,3.1655,-52.3158,74.19,97,97,3.62,[{'description': 'overcast clouds'}]
517,Miles City,US,2021-04-19 20:50:05,46.4083,-105.8406,33.8,75,90,11.5,[{'description': 'light snow'}]
518,Kabo,CF,2021-04-19 20:50:05,7.6994,18.629,83.34,46,100,4.41,[{'description': 'overcast clouds'}]
519,Vao,NC,2021-04-19 20:47:00,-22.6667,167.4833,76.55,83,53,14.56,[{'description': 'broken clouds'}]
520,Burgeo,CA,2021-04-19 20:50:05,47.6167,-57.6152,40.26,89,100,10.04,[{'description': 'overcast clouds'}]
521,Danielskuil,ZA,2021-04-19 20:50:06,-28.1887,23.5395,62.15,29,1,5.77,[{'description': 'clear sky'}]
522,Cayenne,GF,2021-04-19 20:50:06,4.9333,-52.3333,77.0,88,90,9.22,[{'description': 'light rain'}]
523,El Reno,US,2021-04-19 20:47:58,35.5323,-97.955,75.0,23,1,13.8,[{'description': 'clear sky'}]
524,Mackay,AU,2021-04-19 20:50:06,-21.15,149.2,77.0,69,90,14.97,[{'description': 'overcast clouds'}]
525,Pilot Butte,CA,2021-04-19 20:50:07,50.4668,-104.4178,39.0,38,100,17.27,[{'description': 'overcast clouds'}]
526,Aquiraz,BR,2021-04-19 20:50:07,-3.9014,-38.3911,82.4,78,75,5.75,[{'description': 'broken clouds'}]
527,Khorol,UA,2021-04-19 20:50:08,49.7837,33.2783,42.71,80,64,4.16,[{'description': 'broken clouds'}]
528,Yantarnyy,RU,2021-04-19 20:50:08,54.8717,19.9381,52.0,87,0,2.24,[{'description': 'clear sky'}]
529,Surt,LY,2021-04-19 20:50:08,31.2089,16.5887,61.75,62,99,12.46,[{'description': 'overcast clouds'}]
530,Terrace,CA,2021-04-19 20:50:09,54.5163,-128.6035,60.8,21,20,8.05,[{'description': 'few clouds'}]
531,Long,TH,2021-04-19 20:50:09,18.0761,99.8326,82.0,65,19,1.81,[{'description': 'few clouds'}]
532,Bilma,NE,2021-04-19 20:50:09,18.6853,12.9164,88.86,7,1,7.27,[{'description': 'clear sky'}]
533,Shimoda,JP,2021-04-19 20:50:10,34.6667,138.95,55.96,59,0,3.53,[{'description': 'clear sky'}]
534,Sarakhs,IR,2021-04-19 20:50:10,36.5449,61.1577,69.8,35,20,4.61,[{'description': 'few clouds'}]
535,Balikpapan,ID,2021-04-19 20:50:11,-1.2675,116.8289,75.51,89,85,6.26,[{'description': 'overcast clouds'}]
536,Ulkan,RU,2021-04-19 20:50:11,57.243,107.3223,23.81,80,94,13.8,[{'description': 'overcast clouds'}]
537,Atlantic City,US,2021-04-19 20:47:56,39.3643,-74.4229,55.99,76,90,6.91,[{'description': 'overcast clouds'}]
538,Buraydah,SA,2021-04-19 20:50:11,26.326,43.975,80.6,28,0,6.91,[{'description': 'clear sky'}]
539,Pitkyaranta,RU,2021-04-19 20:50:12,61.5734,31.4792,36.14,79,43,6.64,[{'description': 'scattered clouds'}]
540,Fare,PF,2021-04-19 20:50:12,-16.7,-151.0167,82.58,72,1,13.42,[{'description': 'clear sky'}]
541,Pandan,PH,2021-04-19 20:50:12,14.0453,124.1694,77.56,94,100,34.72,[{'description': 'heavy intensity rain'}]
542,Beidao,CN,2021-04-19 20:50:13,34.5686,105.8933,51.48,86,100,1.1,[{'description': 'overcast clouds'}]
543,Mbini,GQ,2021-04-19 20:50:13,1.574,9.6134,77.0,100,40,3.38,[{'description': 'scattered clouds'}]
544,Hirara,JP,2021-04-19 20:47:01,24.8,125.2833,69.73,66,5,22.15,[{'description': 'clear sky'}]
545,Kalmunai,LK,2021-04-19 20:50:13,7.4167,81.8167,79.0,82,93,2.15,[{'description': 'overcast clouds'}]
546,Miquelon,PM,2021-04-19 20:50:14,47.0975,-56.3814,39.2,93,75,18.41,[{'description': 'broken clouds'}]
547,Hingatungan,PH,2021-04-19 20:50:14,10.584,125.1852,80.4,79,100,14.27,[{'description': 'overcast clouds'}]
548,Manaus,BR,2021-04-19 20:50:14,-3.1019,-60.025,77.0,94,75,1.14,[{'description': 'broken clouds'}]
549,Vila Franca Do Campo,PT,2021-04-19 20:47:25,37.7167,-25.4333,62.6,88,40,5.75,[{'description': 'scattered clouds'}]
550,Tongliao,CN,2021-04-19 20:50:15,43.6125,122.2653,41.52,31,0,8.16,[{'description': 'clear sky'}]
551,Sosnovo-Ozerskoye,RU,2021-04-19 20:50:15,52.5249,111.5418,30.43,49,96,2.8,[{'description': 'overcast clouds'}]
552,Alice Springs,AU,2021-04-19 20:50:15,-23.7,133.8833,42.8,70,1,5.75,[{'description': 'clear sky'}]
553,Andilamena,MG,2021-04-19 20:50:16,-17.0167,48.5833,62.76,90,96,6.67,[{'description': 'overcast clouds'}]
554,Erenhot,CN,2021-04-19 20:47:30,43.6475,111.9767,47.35,35,31,5.93,[{'description': 'scattered clouds'}]
555,Gari,RU,2021-04-19 20:50:16,59.4307,62.3497,25.27,58,76,6.55,[{'description': 'broken clouds'}]
556,Certesti,RO,2021-04-19 20:50:16,46.0167,27.6167,46.54,78,100,6.35,[{'description': 'overcast clouds'}]
557,Chaykovskaya,RU,2021-04-19 20:50:17,58.1279,55.5378,23.0,68,0,4.47,[{'description': 'clear sky'}]
558,Saint-Louis,SN,2021-04-19 20:50:17,16.3333,-15.0,88.63,14,51,17.63,[{'description': 'broken clouds'}]
559,Mamakan,RU,2021-04-19 20:50:17,57.8161,114.0028,21.74,94,100,3.22,[{'description': 'light snow'}]
560,Poum,NC,2021-04-19 20:50:18,-20.2333,164.0167,78.71,81,12,15.5,[{'description': 'few clouds'}]
561,Tefe,BR,2021-04-19 20:50:18,-3.3542,-64.7114,87.8,70,40,3.44,[{'description': 'scattered clouds'}]
562,Presidencia Roque Saenz Pena,AR,2021-04-19 20:50:18,-26.7852,-60.4388,80.01,48,0,5.64,[{'description': 'clear sky'}]
563,Gamba,GA,2021-04-19 20:50:19,-2.65,10.0,76.21,91,100,8.72,[{'description': 'overcast clouds'}]
564,Sakaiminato,JP,2021-04-19 20:50:19,35.55,133.2333,46.4,87,20,6.91,[{'description': 'few clouds'}]
565,Naranjal,EC,2021-04-19 20:50:19,-2.6667,-79.6167,84.99,74,75,2.3,[{'description': 'moderate rain'}]
566,San Andres,CO,2021-04-19 20:50:20,12.5847,-81.7006,87.8,70,75,12.66,[{'description': 'broken clouds'}]
567,Antofagasta,CL,2021-04-19 20:47:00,-23.65,-70.4,68.0,60,0,11.5,[{'description': 'clear sky'}]
568,Krasnaya Gora,RU,2021-04-19 20:50:20,52.9995,31.6023,46.4,87,75,8.95,[{'description': 'broken clouds'}]
569,Luganville,VU,2021-04-19 20:50:20,-15.5333,167.1667,82.09,81,68,2.42,[{'description': 'broken clouds'}]
570,Sao Gabriel Da Cachoeira,BR,2021-04-19 20:50:21,-0.1303,-67.0892,77.86,95,99,1.36,[{'description': 'overcast clouds'}]
571,Galveston,US,2021-04-19 20:46:49,29.3669,-94.9669,73.0,37,1,11.5,[{'description': 'clear sky'}]
572,Cabedelo,BR,2021-04-19 20:50:21,-6.9811,-34.8339,82.4,74,40,5.75,[{'description': 'scattered clouds'}]
573,Biak,ID,2021-04-19 20:50:21,-0.9131,122.8766,76.05,75,100,2.08,[{'description': 'overcast clouds'}]
574,Matale,LK,2021-04-19 20:50:22,7.4721,80.6234,70.56,94,84,2.93,[{'description': 'broken clouds'}]
575,Cambridge,CA,2021-04-19 20:45:24,43.3601,-80.3127,59.0,38,40,23.02,[{'description': 'scattered clouds'}]
576,Abalak,RU,2021-04-19 20:50:22,58.1286,68.5944,19.62,58,9,2.66,[{'description': 'clear sky'}]
577,Goure,NE,2021-04-19 20:50:23,13.9835,10.2704,83.98,8,4,2.53,[{'description': 'clear sky'}]
578,Razole,IN,2021-04-19 20:50:23,16.4833,81.8333,80.65,88,9,3.62,[{'description': 'clear sky'}]
579,Davila,PH,2021-04-19 20:50:23,18.4726,120.5763,76.05,84,51,26.02,[{'description': 'broken clouds'}]
580,Kaeo,NZ,2021-04-19 20:47:03,-35.1,173.7833,64.0,95,100,5.99,[{'description': 'light rain'}]
581,Pareora,NZ,2021-04-19 20:50:24,-44.4871,171.2132,54.0,49,24,4.12,[{'description': 'few clouds'}]
582,Buala,SB,2021-04-19 20:47:24,-8.145,159.5921,83.12,79,91,7.81,[{'description': 'overcast clouds'}]
583,Bexhill,AU,2021-04-19 20:50:24,-28.7667,153.35,59.0,100,90,5.75,[{'description': 'fog'}]
584,Pueblo Nuevo,MX,2021-04-19 20:50:24,23.3833,-105.3833,70.74,17,100,9.4,[{'description': 'overcast clouds'}]
585,Kamaishi,JP,2021-04-19 20:46:41,39.2667,141.8833,49.23,78,4,9.26,[{'description': 'clear sky'}]
586,Saint-Claude,FR,2021-04-19 20:50:25,46.5,5.8333,50.0,53,20,2.3,[{'description': 'few clouds'}]
587,Toba Tek Singh,PK,2021-04-19 20:50:25,30.9743,72.4827,77.76,26,100,7.38,[{'description': 'overcast clouds'}]
588,Svetlyy,RU,2021-04-19 20:50:26,54.675,20.1347,52.0,87,0,2.24,[{'description': 'clear sky'}]
589,Teknaf,BD,2021-04-19 20:50:26,20.8624,92.3058,75.99,88,2,2.39,[{'description': 'clear sky'}]
590,Ardakan,IR,2021-04-19 20:50:26,32.31,54.0175,69.8,19,0,4.61,[{'description': 'clear sky'}]
591,Nome,US,2021-04-19 20:46:37,64.5011,-165.4064,39.2,60,1,5.75,[{'description': 'clear sky'}]
592,Teya,RU,2021-04-19 20:50:27,60.3778,92.6267,9.41,90,100,10.94,[{'description': 'overcast clouds'}]
593,Gladstone,AU,2021-04-19 20:50:27,-23.85,151.25,60.8,82,4,8.05,[{'description': 'light rain'}]
594,Raudeberg,NO,2021-04-19 20:50:28,61.9875,5.1352,51.8,58,0,13.8,[{'description': 'clear sky'}]
595,Naruto,JP,2021-04-19 20:50:28,34.1833,134.6167,48.2,81,20,4.61,[{'description': 'few clouds'}]
596,Taltal,CL,2021-04-19 20:47:39,-25.4,-70.4833,65.97,73,26,4.41,[{'description': 'scattered clouds'}]
597,Ust-Maya,RU,2021-04-19 20:50:28,60.4167,134.5333,20.03,93,100,10.25,[{'description': 'snow'}]
598,Emba,KZ,2021-04-19 20:50:29,48.8264,58.1442,36.99,56,100,19.44,[{'description': 'overcast clouds'}]
599,Belmonte,BR,2021-04-19 20:50:29,-15.8631,-38.8828,80.6,74,40,16.11,[{'description': 'scattered clouds'}]
600,Batagay-Alyta,RU,2021-04-19 20:50:29,67.8006,130.4114,2.05,91,99,5.59,[{'description': 'overcast clouds'}]
601,Le Port,RE,2021-04-19 20:50:29,-20.9373,55.2919,75.2,78,0,6.91,[{'description': 'clear sky'}]
602,Zatoka,UA,2021-04-19 20:50:30,46.0725,30.4654,51.8,76,0,4.47,[{'description': 'clear sky'}]
603,Dong Hoi,VN,2021-04-19 20:50:30,17.4833,106.6,75.67,89,12,4.38,[{'description': 'few clouds'}]
604,Ponta Pora,BR,2021-04-19 20:50:30,-22.5361,-55.7256,82.4,39,20,6.91,[{'description': 'few clouds'}]
605,Parkersburg,US,2021-04-19 20:49:01,39.2667,-81.5615,66.2,32,40,9.22,[{'description': 'scattered clouds'}]
606,Southbridge,US,2021-04-19 20:50:31,42.0751,-72.0334,63.0,31,100,1.99,[{'description': 'overcast clouds'}]
607,Ivanava,BY,2021-04-19 20:50:31,52.1451,25.5365,42.55,82,48,6.8,[{'description': 'scattered clouds'}]
608,Tabou,CI,2021-04-19 20:50:32,4.423,-7.3528,81.57,78,100,5.53,[{'description': 'overcast clouds'}]
609,Cloquet,US,2021-04-19 20:50:10,46.7216,-92.4594,37.99,41,90,18.41,[{'description': 'overcast clouds'}]
610,Peniche,PT,2021-04-19 20:50:32,39.3558,-9.3811,62.01,86,5,5.99,[{'description': 'clear sky'}]
611,Parrita,CR,2021-04-19 20:50:33,9.5201,-84.3225,78.8,94,75,3.44,[{'description': 'broken clouds'}]
612,Macas,EC,2021-04-19 20:50:33,-2.3167,-78.1167,69.8,94,75,8.05,[{'description': 'moderate rain'}]
613,Margate,GB,2021-04-19 20:50:33,51.3813,1.3862,44.01,80,6,3.74,[{'description': 'clear sky'}]
614,Nicolas Bravo,MX,2021-04-19 20:50:33,18.45,-88.9167,93.0,55,40,9.22,[{'description': 'scattered clouds'}]
615,Kavieng,PG,2021-04-19 20:50:34,-2.5744,150.7967,80.8,79,99,10.92,[{'description': 'overcast clouds'}]
616,Rancho Palos Verdes,US,2021-04-19 20:50:34,33.7445,-118.387,75.0,56,1,8.05,[{'description': 'clear sky'}]
617,General Pico,AR,2021-04-19 20:50:34,-35.6566,-63.7568,75.67,57,3,15.41,[{'description': 'clear sky'}]
618,Valdagno,IT,2021-04-19 20:50:35,45.6483,11.3064,48.0,67,99,3.0,[{'description': 'overcast clouds'}]
619,Verkhoyansk,RU,2021-04-19 20:50:35,67.5447,133.385,12.72,91,100,3.71,[{'description': 'overcast clouds'}]
620,Saint-Joseph,RE,2021-04-19 20:50:35,-21.3667,55.6167,75.2,94,75,5.75,[{'description': 'broken clouds'}]
621,Innisfail,AU,2021-04-19 20:50:36,-17.5333,146.0333,74.12,94,100,2.28,[{'description': 'light rain'}]
622,Warmbad,NA,2021-04-19 20:50:36,-28.45,18.7333,76.23,23,5,11.86,[{'description': 'clear sky'}]
623,Nchelenge,ZM,2021-04-19 20:50:37,-9.3451,28.734,67.35,83,100,6.55,[{'description': 'overcast clouds'}]
624,Naze,JP,2021-04-19 20:50:37,28.3667,129.4833,59.77,61,0,9.71,[{'description': 'clear sky'}]
625,La Romana,DO,2021-04-19 20:49:56,18.4273,-68.9728,86.0,62,40,13.8,[{'description': 'scattered clouds'}]
626,Avera,US,2021-04-19 20:47:36,33.194,-82.5271,75.2,29,1,11.5,[{'description': 'clear sky'}]
627,Aromashevo,RU,2021-04-19 20:50:38,56.8602,68.6375,22.26,51,2,2.95,[{'description': 'clear sky'}]
628,San Fernando,PH,2021-04-19 20:50:38,15.0286,120.6898,77.0,78,40,4.61,[{'description': 'scattered clouds'}]
629,Kysyl-Syr,RU,2021-04-19 20:50:39,63.8986,122.7617,-8.79,100,99,2.57,[{'description': 'overcast clouds'}]
630,Sukhumi,GE,2021-04-19 20:50:39,43.0033,41.0153,64.13,71,100,7.78,[{'description': 'overcast clouds'}]
631,Deputatskiy,RU,2021-04-19 20:46:53,69.3,139.9,9.05,95,100,1.92,[{'description': 'overcast clouds'}]
632,Norsup,VU,2021-04-19 20:50:39,-16.0667,167.3833,83.1,80,68,8.1,[{'description': 'broken clouds'}]
633,Kahama,TZ,2021-04-19 20:50:40,-3.8333,32.6,62.65,94,100,3.47,[{'description': 'overcast clouds'}]
634,Orotukan,RU,2021-04-19 20:50:40,62.2667,151.7,27.54,96,100,4.97,[{'description': 'overcast clouds'}]
635,Kununurra,AU,2021-04-19 20:50:40,-15.7667,128.7333,62.6,94,14,5.53,[{'description': 'few clouds'}]
636,Kamphaeng Phet,TH,2021-04-19 20:50:40,16.25,99.5,77.76,73,39,3.62,[{'description': 'scattered clouds'}]
637,Boueni,YT,2021-04-19 20:50:41,-12.9025,45.0761,80.6,83,0,3.44,[{'description': 'moderate rain'}]
638,Kharan,PK,2021-04-19 20:50:41,28.5833,65.4167,74.46,33,100,7.31,[{'description': 'overcast clouds'}]
639,Ust-Omchug,RU,2021-04-19 20:50:41,61.15,149.6333,30.65,93,100,7.83,[{'description': 'light snow'}]
640,Skeldon,GY,2021-04-19 20:50:42,5.8833,-57.1333,79.21,72,83,7.31,[{'description': 'broken clouds'}]
641,Yarmouth,US,2021-04-19 20:50:42,41.7057,-70.2286,60.01,55,1,12.66,[{'description': 'clear sky'}]
642,Inuvik,CA,2021-04-19 20:46:57,68.3499,-133.7218,44.6,42,98,3.44,[{'description': 'overcast clouds'}]
643,Westport,US,2021-04-19 20:43:57,41.1415,-73.3579,61.0,41,90,6.91,[{'description': 'overcast clouds'}]
644,Terrace Bay,CA,2021-04-19 20:50:43,48.7834,-87.1,24.8,86,90,20.71,[{'description': 'snow'}]
645,Morro Bay,US,2021-04-19 20:50:43,35.3658,-120.8499,81.0,63,1,17.27,[{'description': 'clear sky'}]
646,Abu Samrah,SY,2021-04-19 20:50:43,35.3029,37.1841,79.07,31,99,8.43,[{'description': 'overcast clouds'}]
647,Beloha,MG,2021-04-19 20:50:44,-25.1667,45.05,68.13,75,0,13.4,[{'description': 'clear sky'}]
648,Homer,US,2021-04-19 20:50:44,59.6425,-151.5483,53.6,47,90,12.66,[{'description': 'light rain'}]
649,Inongo,CD,2021-04-19 20:50:44,-1.95,18.2667,73.44,90,100,2.08,[{'description': 'overcast clouds'}]
650,Grand-Santi,GF,2021-04-19 20:50:45,4.25,-54.3833,75.67,96,100,2.91,[{'description': 'overcast clouds'}]
651,Sola,VU,2021-04-19 20:50:45,-13.8833,167.55,82.65,77,58,11.52,[{'description': 'broken clouds'}]
652,Pacasmayo,PE,2021-04-19 20:50:45,-7.4006,-79.5714,72.88,72,83,15.52,[{'description': 'broken clouds'}]
653,Khoy,IR,2021-04-19 20:50:46,38.5504,44.9535,66.81,36,100,3.89,[{'description': 'overcast clouds'}]
654,Huai Mek,TH,2021-04-19 20:50:46,16.5898,103.2355,80.01,99,98,4.61,[{'description': 'overcast clouds'}]
655,Male,MV,2021-04-19 20:50:46,4.1748,73.5089,82.4,78,20,4.61,[{'description': 'few clouds'}]
656,Atasu,KZ,2021-04-19 20:50:47,48.6814,71.6433,30.52,44,100,19.93,[{'description': 'overcast clouds'}]
657,Syamzha,RU,2021-04-19 20:50:47,60.0158,41.0614,31.28,79,19,4.81,[{'description': 'few clouds'}]
658,Kasongo,CD,2021-04-19 20:50:47,-4.45,26.6667,69.85,96,100,4.03,[{'description': 'overcast clouds'}]
659,Barra,BR,2021-04-19 20:50:48,-11.0894,-43.1417,74.53,83,100,5.01,[{'description': 'light rain'}]
660,Perigueux,FR,2021-04-19 20:50:48,45.1833,0.7167,52.0,53,12,3.65,[{'description': 'few clouds'}]
661,Filadelfia,US,2021-04-19 20:47:53,39.9523,-75.1638,64.0,44,90,11.5,[{'description': 'overcast clouds'}]
662,Atamanovka,RU,2021-04-19 20:50:48,51.93,113.63,30.2,31,53,4.47,[{'description': 'broken clouds'}]
663,Manuk Mangkaw,PH,2021-04-19 20:50:49,4.8,119.85,82.67,70,100,4.0,[{'description': 'overcast clouds'}]
664,Puerto Colombia,CO,2021-04-19 20:50:49,10.9878,-74.9547,89.6,62,20,10.36,[{'description': 'few clouds'}]
665,Gbarnga,LR,2021-04-19 20:50:49,6.9956,-9.4722,77.67,83,85,4.5,[{'description': 'overcast clouds'}]
666,Altagracia De Orituco,VE,2021-04-19 20:50:50,9.8601,-66.3814,89.08,37,89,6.55,[{'description': 'overcast clouds'}]
667,Sorong,ID,2021-04-19 20:46:50,-0.8833,131.25,78.51,82,88,5.44,[{'description': 'overcast clouds'}]
668,Teguise,ES,2021-04-19 20:50:50,29.0605,-13.564,68.0,73,20,17.27,[{'description': 'few clouds'}]
669,Farkhor,TJ,2021-04-19 20:50:50,37.4922,69.4036,59.0,51,20,4.47,[{'description': 'few clouds'}]
670,Concarneau,FR,2021-04-19 20:50:51,47.875,-3.9225,50.0,71,0,3.44,[{'description': 'clear sky'}]
671,Mangochi,MW,2021-04-19 20:50:51,-14.4782,35.2645,68.22,85,90,4.36,[{'description': 'overcast clouds'}]
672,Tiganasi,RO,2021-04-19 20:50:51,47.3333,27.4667,50.0,86,98,5.01,[{'description': 'overcast clouds'}]
673,Adrar,MR,2021-04-19 20:50:52,20.5022,-10.0711,83.46,7,2,4.81,[{'description': 'clear sky'}]
674,Hutchinson,US,2021-04-19 20:46:52,38.0608,-97.9298,51.8,50,75,17.27,[{'description': 'broken clouds'}]
675,Marawi,PH,2021-04-19 20:47:33,7.9986,124.2928,73.0,88,100,3.0,[{'description': 'overcast clouds'}]
676,Fort-Shevchenko,KZ,2021-04-19 20:50:52,44.5086,50.263,55.96,74,100,12.08,[{'description': 'overcast clouds'}]
677,Sooke,CA,2021-04-19 20:50:52,48.3746,-123.7276,63.0,58,67,11.5,[{'description': 'broken clouds'}]
678,Bundaberg,AU,2021-04-19 20:50:53,-24.85,152.35,66.0,88,0,6.91,[{'description': 'clear sky'}]
679,Sarh,TD,2021-04-19 20:50:53,9.1429,18.3923,89.6,45,0,6.13,[{'description': 'clear sky'}]
680,Pacific Grove,US,2021-04-19 20:50:53,36.6177,-121.9166,55.99,71,75,11.5,[{'description': 'broken clouds'}]
681,Lexington Park,US,2021-04-19 20:50:54,38.2668,-76.4538,55.99,88,75,6.91,[{'description': 'broken clouds'}]
682,Myitkyina,MM,2021-04-19 20:50:54,25.3833,97.4,65.44,87,6,2.33,[{'description': 'clear sky'}]
683,Nisko,PL,2021-04-19 20:50:54,50.5199,22.1397,48.0,87,94,3.0,[{'description': 'overcast clouds'}]
684,Oktyabrskoye,RU,2021-04-19 20:50:19,43.0645,44.7417,53.6,76,98,4.47,[{'description': 'overcast clouds'}]
685,Santa Isabel,BR,2021-04-19 20:50:55,-23.3156,-46.2214,66.2,77,75,9.22,[{'description': 'broken clouds'}]
686,Plettenberg Bay,ZA,2021-04-19 20:50:55,-34.0527,23.3716,60.87,86,100,12.77,[{'description': 'overcast clouds'}]
687,Longuenesse,FR,2021-04-19 20:50:55,50.734,2.2352,45.0,86,8,2.39,[{'description': 'clear sky'}]
688,Quang Ngai,VN,2021-04-19 20:50:56,15.1167,108.8,74.88,89,100,3.51,[{'description': 'overcast clouds'}]
689,La Ligua,CL,2021-04-19 20:50:56,-32.4524,-71.2311,59.0,82,75,11.5,[{'description': 'broken clouds'}]
690,Placido De Castro,BR,2021-04-19 20:50:56,-10.3353,-67.1856,79.75,94,53,2.24,[{'description': 'light rain'}]
691,Vredendal,ZA,2021-04-19 20:50:56,-31.6683,18.5012,72.52,53,94,4.63,[{'description': 'overcast clouds'}]
692,Lindi,TZ,2021-04-19 20:50:57,-10.0,39.7167,70.86,97,92,5.82,[{'description': 'overcast clouds'}]
